id_annonce,type_evenement,famille_bodacc,gravite,siren,denomination,activite_declaree,code_commune,nom_commune,code_postal,population_commune,latitude,longitude,tribunal,date_jugement,montant_vente_eur,section_naf,libelle_section_naf,code_naf,tranche_effectif,date_creation_entreprise,url_annonce,date_parution
A202601811423,vente_fonds,vente,1,104931241,ZAIKH AND CO,épicerie fine - produits régionaux - vente de glaces,34324,Valras-Plage,34350,4432,43.2471,3.2909,Greffe du Tribunal de Commerce de Béziers,,650000.0,Z,Secteur non renseigne,00.00Z,NN,2026-04-25,https://www.bodacc.fr/pages/annonces-commerciales-detail/?q.id=id:A202601811423,2026-09-22
A202601811424,creation,creation,0,130273824,EMEORA,"vente à distance, via des plateformes de commerce en ligne (etsy), de produits imprimés à la demande (tote bags, mug, posters, t-shirts) avec des design personnalisés. les produits sont fabriqués et expédiés par un prestataire d'impression à la demande, sans stockage physique par l'entrepreneur",34139,Lieuran-lès-Béziers,34290,1486,43.4109,3.2324,Greffe du Tribunal de Commerce de Béziers,,,C,Industrie manufacturiere,18.12Z,NN,2026-09-21,https://www.bodacc.fr/pages/annonces-commerciales-detail/?q.id=id:A202601811424,2026-09-22
A202601811425,creation,creation,0,130065204,SBboutique,"commerce de détail en ligne de produits cosmétiques, produits de beauté, parfumerie, soins du visage et du corps, articles de toilette et accessoires de beauté. achat et revente de produits neufs auprès de fournisseurs, commercialisés principalement par l'intermédiaire d'un site internet de commerce électronique.",34298,Sauvian,34410,5608,43.2885,3.2541,Greffe du Tribunal de Commerce de Béziers,,,G,"Commerce, reparation d'automobiles",47.91B,NN,2026-10-01,https://www.bodacc.fr/pages/annonces-commerciales-detail/?q.id=id:A202601811425,2026-09-22
A202601811426,creation,creation,0,840920250,Stockinger,"vente en ligne d'articles de décoration et d'ambiance pour la maison (diffuseurs, objets d'ambiance) par le biais d'un site internet et des réseaux sociaux.",34003,Agde,34300,29939,43.3084,3.4838,Greffe du Tribunal de Commerce de Béziers,,,G,"Commerce, reparation d'automobiles",47.91B,NN,2018-07-05,https://www.bodacc.fr/pages/annonces-commerciales-detail/?q.id=id:A202601811426,2026-09-22
A202601811427,creation,creation,0,909159907,Ness'B,"création de contenu et promotion de produits et services sur les réseaux sociaux, notamment dans le cadre de l'affiliation et du marketing d'influence sur les réseaux.",34161,Montady,34310,3990,43.3277,3.1177,Greffe du Tribunal de Commerce de Béziers,,,G,"Commerce, reparation d'automobiles",47.91A,NN,2022-02-01,https://www.bodacc.fr/pages/annonces-commerciales-detail/?q.id=id:A202601811427,2026-09-22
A202601811428,creation,creation,0,500004965,BENZAAMA Salim,"commerce ambulant de produits d'épicerie et de produits alimentaires : dattes, fruits secs. - commerce ambulant de produits non alimentaires : ustensiles, accessoires de mode, articles divers et produits pour la maison.",34032,Béziers,34500,81545,43.3481,3.2342,Greffe du Tribunal de Commerce de Béziers,,,G,"Commerce, reparation d'automobiles",47.81Z,NN,2007-08-16,https://www.bodacc.fr/pages/annonces-commerciales-detail/?q.id=id:A202601811428,2026-09-22
A202601811429,creation,creation,0,328018387,MAS,livraison et vente de produits alimentaires et non alimentaires,34332,Vias,34450,5952,43.3091,3.3948,Greffe du Tribunal de Commerce de Béziers,,,H,Transports et entreposage,53.20Z,NN,1983-06-10,https://www.bodacc.fr/pages/annonces-commerciales-detail/?q.id=id:A202601811429,2026-09-22
A202601811430,creation,creation,0,853554723,BOURAGA Gabin,"vente à distance sur catalogue générale. vente, notamment en ligne, de vêtements et accessoires de mode (produits non réglementés), ainsi que revente de produits capillaires et cosmétiques (produits réglementés).",34148,Maraussan,34370,4789,43.3733,3.154,Greffe du Tribunal de Commerce de Béziers,,,G,"Commerce, reparation d'automobiles",47.91A,NN,2019-09-05,https://www.bodacc.fr/pages/annonces-commerciales-detail/?q.id=id:A202601811430,2026-09-22
A202601811431,creation,creation,0,523077527,Archi et Mollie,"création, conception et vente à distance de box créatives et éducatives pour enfants, comprenant des activités manuelles, jeux, supports pédagogiques et accessoires de loisirs créatifs.",34109,Gabian,34320,886,43.5182,3.2621,Greffe du Tribunal de Commerce de Béziers,,,G,"Commerce, reparation d'automobiles",47.91B,NN,2010-06-11,https://www.bodacc.fr/pages/annonces-commerciales-detail/?q.id=id:A202601811431,2026-09-22
A202601811432,creation,creation,0,988719043,MAT.LOC.CAVALLO,la location de véhicules terrestres à moteur sans chauffeur,34300,Servian,34290,5517,43.4121,3.3017,Greffe du Tribunal de Commerce de Béziers,,,N,Services administratifs et de soutien,77.11A,NN,2025-07-01,https://www.bodacc.fr/pages/annonces-commerciales-detail/?q.id=id:A202601811432,2026-09-22
A202601811433,creation,creation,0,130181803,Plombs Occitan,"fabrication artisanale de lests et accessoires pour la pêche à partir de pierres naturelles, avec perçage et ajout d'un fil métallique, destinés à la pêche de loisir. - vente à distance des lests et accessoires de pêche fabriqués par l'entreprise.",34189,Olonzac,34210,1693,43.2816,2.7431,Greffe du Tribunal de Commerce de Béziers,,,Z,Secteur non renseigne,,,,https://www.bodacc.fr/pages/annonces-commerciales-detail/?q.id=id:A202601811433,2026-09-22
A202601811434,creation,creation,0,948867072,DELCAMBRE Joris,"exploitation d'un site internet de mise en relation entre particuliers et marques, rémunérée en commissions d'affiliation et de parrainage. rédaction de contenus éditoriaux et de vidéos destinés à ce site. activité exercée à distance, sans réception de clientèle, sans stockage ni vente de marchandises.",34136,Lézignan-la-Cèbe,34120,1580,43.4923,3.4405,Greffe du Tribunal de Commerce de Béziers,,,J,Information et communication,63.12Z,NN,2023-02-13,https://www.bodacc.fr/pages/annonces-commerciales-detail/?q.id=id:A202601811434,2026-09-22
A202601811435,creation,creation,0,130127608,L'empreinte des temps,"achat et revente d'objets d'art, antiquités, brocante et biens d'occasion par internet et sur des salons spécialisés",34199,Pézenas,34120,7797,43.4616,3.418,Greffe du Tribunal de Commerce de Béziers,,,G,"Commerce, reparation d'automobiles",47.91B,NN,2026-10-01,https://www.bodacc.fr/pages/annonces-commerciales-detail/?q.id=id:A202601811435,2026-09-22
A202601811436,creation,creation,0,130261787,JLK,"activité de coursiers urbains, services de livraisons de repas (sans fabrication) à domicile pour compte de tiers à vélo électrique ne nécessitant pas de capacité de transport",34032,Béziers,34500,81545,43.3481,3.2342,Greffe du Tribunal de Commerce de Béziers,,,H,Transports et entreposage,53.20Z,NN,2026-10-01,https://www.bodacc.fr/pages/annonces-commerciales-detail/?q.id=id:A202601811436,2026-09-22
A202601811437,creation,creation,0,130074842,DOUNS,"influenceuse et créatrice de contenus numériques : promotion commerciale de produits et services sur les réseaux sociaux, notamment tiktok et snapchat. - achat et revente de robes, vêtements et accessoires de mode neufs, vente au détail à distance sur internet et les réseaux sociaux, notamment tiktok.",34336,Villeneuve-lès-Béziers,34420,4500,43.3178,3.2909,Greffe du Tribunal de Commerce de Béziers,,,J,Information et communication,58.14Z,NN,2026-10-01,https://www.bodacc.fr/pages/annonces-commerciales-detail/?q.id=id:A202601811437,2026-09-22
A202601811438,creation,creation,0,521261982,HALC,"la création, la production, l'édition et la promotion de vidéos, podcasts - la vente et le commerce en ligne de chaussures, vêtements et accessoires de mode, vêtements, équipements et accessoires de sport, d'occasion uniquement",34063,Caux,34720,2718,43.5031,3.3709,Greffe du Tribunal de Commerce de Béziers,,,J,Information et communication,59.11B,NN,2009-11-20,https://www.bodacc.fr/pages/annonces-commerciales-detail/?q.id=id:A202601811438,2026-09-22
A202601811439,creation,creation,0,109961151,NM-AGENCY,"achat et revente en ligne de produits de consommation courante (hygiène, entretien, cosmétique, high-tech) auprès de fournisseurs, destinés à la vente aux particuliers via un site e-commerce - livraison de repas et marchandises pour le compte de plateformes numériques (uber eats), en tant que coursier indépendant à vélo/scooter",34032,Béziers,34500,81545,43.3481,3.2342,Greffe du Tribunal de Commerce de Béziers,,,G,"Commerce, reparation d'automobiles",47.91A,NN,2026-09-20,https://www.bodacc.fr/pages/annonces-commerciales-detail/?q.id=id:A202601811439,2026-09-22
A202601811440,creation,creation,0,390935674,K.food,livraison de nourriture,34032,Béziers,34500,81545,43.3481,3.2342,Greffe du Tribunal de Commerce de Béziers,,,H,Transports et entreposage,53.20Z,NN,1993-05-22,https://www.bodacc.fr/pages/annonces-commerciales-detail/?q.id=id:A202601811440,2026-09-22
A202601811441,creation,creation,0,109827758,Angel's Travel,"activité d'apport d'affaires, de conseil et d'accompagnement commercial dans la domaine du tourisme. recherche et présentation de prestations touristiques commercialisées par une plateforme partenaire. mise en relation et accompagnement des clients dans leurs projets de voyage. les prestations touristiques sont commercialisées et réservées par l'intermédiaire d'une plateforme partenaire. rémunération sous forme de commissions versées par la plateforme partenaire.",34214,Pouzolles,34480,1233,43.478,3.2727,Greffe du Tribunal de Commerce de Béziers,,,N,Services administratifs et de soutien,79.90Z,NN,2026-09-09,https://www.bodacc.fr/pages/annonces-commerciales-detail/?q.id=id:A202601811441,2026-09-22
A202601811442,creation,creation,0,109499574,PCD Réflexe,"travaux de petit bricolage dits "" homme toutes mains"". - formation et sensibilisation aux premiers secours, au secourisme et à la prévention des risques professionnels, notamment formation sauveteur secouriste du travail (sst), dans le respect des certifications et habilitations requises. - prestations de surveillance et de sauvetage des baignades, plages, plans d'eau et piscines, surveillance aquatique et prestations de sauveteur dans le cadre des qualifications professionnelles détenues, notamment bnssa , ssa - vente à distance de produits non alimentaires via une boutique en ligne , avec achat-revente de marchandises concernant des vêtements pour adultes et enfants (prêt‑à‑porter, sous‑vêtements, vêtements de sport); vente d'accessoires et équipements de sport; vente d'articles de décoration d'intérieur (textiles, objets décoratifs, luminaires); vente d'accessoires pour la maison (linge de maison, petits objets utilitaires)",34209,Portiragnes,34420,3530,43.3024,3.3458,Greffe du Tribunal de Commerce de Béziers,,,N,Services administratifs et de soutien,81.21Z,NN,2026-09-03,https://www.bodacc.fr/pages/annonces-commerciales-detail/?q.id=id:A202601811442,2026-09-22
A202601811443,creation,creation,0,834693319,REFAS Mohammed,livraison de repas à domicile,34032,Béziers,34500,81545,43.3481,3.2342,Greffe du Tribunal de Commerce de Béziers,,,H,Transports et entreposage,53.20Z,NN,2018-02-10,https://www.bodacc.fr/pages/annonces-commerciales-detail/?q.id=id:A202601811443,2026-09-22
A202601811444,creation,creation,0,109920454,ROUDIL Entretien,"tonte de pelouse, taille de haies, débroussaillage, entretien courant des espaces verts",34018,Autignac,34480,982,43.4991,3.1636,Greffe du Tribunal de Commerce de Béziers,,,N,Services administratifs et de soutien,81.30Z,NN,2026-09-15,https://www.bodacc.fr/pages/annonces-commerciales-detail/?q.id=id:A202601811444,2026-09-22
A202601811445,creation,creation,0,979230554,Jolie fleur,création et vente des bouquet et composition de fleurs artificielles,34032,Béziers,34500,81545,43.3481,3.2342,Greffe du Tribunal de Commerce de Béziers,,,C,Industrie manufacturiere,32.99Z,NN,2023-09-06,https://www.bodacc.fr/pages/annonces-commerciales-detail/?q.id=id:A202601811445,2026-09-22
A202601811446,creation,creation,0,888091162,YAHLANE Azzé-Ddine,livraison de repas à domicile à vélo (non motorisé),34003,Agde,34300,29939,43.3084,3.4838,Greffe du Tribunal de Commerce de Béziers,,,H,Transports et entreposage,53.20Z,NN,2020-08-19,https://www.bodacc.fr/pages/annonces-commerciales-detail/?q.id=id:A202601811446,2026-09-22
A202601811447,creation,creation,0,130213333,BASZIC,"l'acquisition, la propriété, la gestion, l'administration, l'exploitation par bail, en meublé ou non meublé, ou autrement et la disposition de tous biens immobiliers bâtis ou non bâtis et droits immobiliers, dont elle pourra devenir propriétaire par voie d'accession, acquisition, échange, apport ou autrement,- la vente en totalité ou par fractions des immeubles acquis ou construits par la société. - l'affectation en copropriété s'il y a lieu, et la mise en valeur de toute manière même par l'édification de toutes augmentations et constructions nouvelles et la disposition, vente ou apport en société, de tous les immeubles et droits immobiliers composant son patrimoine.",34032,Béziers,34500,81545,43.3481,3.2342,Greffe du Tribunal de Commerce de Béziers,,,L,Activites immobilieres,68.20B,NN,2026-09-15,https://www.bodacc.fr/pages/annonces-commerciales-detail/?q.id=id:A202601811447,2026-09-22
A202601811448,creation,creation,0,130084122,BLUE INVEST,"l'exploitation de toutes formes d'hébergement para-hôtelier, notamment la location meublée de courte, moyenne ou longue durée, assortie de prestations de services telles que l'accueil des occupants, le nettoyage des locaux, la fourniture de linge, la restauration légère (sans vente d'alcools) et le petit-déjeuner, ainsi que toutes prestations annexes ou complémentaires ; la gestion, l'exploitation et la mise en valeur de tous biens immobiliers et mobiliers par tous moyens, et notamment par l'exploitation directe, la location, la sous-location, le bail, le mandat, la gestion déléguée ou toute autre forme de gestion ; l'exploitation de résidences de tourisme, résidences services, meublés de tourisme, gîtes et tous hébergements assimilés.",34003,Agde,34300,29939,43.3084,3.4838,Greffe du Tribunal de Commerce de Béziers,,,I,Hebergement et restauration,55.20Z,NN,2026-09-02,https://www.bodacc.fr/pages/annonces-commerciales-detail/?q.id=id:A202601811448,2026-09-22
A202601811449,creation,creation,0,130129778,KILL KILOS,"création, développement et exploitation de logiciels et applications.",34032,Béziers,34500,81545,43.3481,3.2342,Greffe du Tribunal de Commerce de Béziers,,,J,Information et communication,62.01Z,NN,2026-07-03,https://www.bodacc.fr/pages/annonces-commerciales-detail/?q.id=id:A202601811449,2026-09-22
A202601811450,creation,creation,0,130224413,MCV IMMO,"l'acquisition de tous immeubles bâtis ou non, par tous moyens et notamment par voie d'acquisition, échange, apport ou autrement. - la détention, l'administration, la gestion par location ou autrement de tous biens dont la société serait propriétaire. - l'acquisition de tous terrains, par tous moyens et notamment par voie d'acquisition, échange, apport ou autrement. - l'exploitation, la mise en valeur par tous moyens, l'édification de tous biens immobiliers sur le ou les terrain(s) dont elle serait propriétaire, et l'exploitation par bail ou autrement de ce ou ces terrain(s) et/ou construction(s) dont elle serait propriétaire. - éventuellement et exceptionnellement l'aliénation du ou des immeubles, terrains, constructions, par tous moyens, et notamment au moyen de vente, échange ou apport. - la prise de participation, par achat, souscription, apport, fusion, de tous biens mobiliers et valeurs mobilières de toutes entités juridiques avec ou sans personnalité morale, y inclus toutes opérations annexes ou connexes à ladite prise de participation et la réalisation de toutes opérations commerciales. la gestion et l'animation, sous toutes formes appropriées, de ses participations. la participation de la société, par tous moyens, dans toutes opérations pouvant se rapporter à son objet par voie de création de sociétés nouvelles, de souscriptions ou d'achat de titres ou droits sociaux, de fusion ou autrement ; de création, d'acquisition, de location, de prise en location-gérance de tous fonds de commerce ou établissements ; la prise, l'acquisition, l'exploitation ou la cession de tous procédés et brevets concernant ces activités.",34032,Béziers,34500,81545,43.3481,3.2342,Greffe du Tribunal de Commerce de Béziers,,,L,Activites immobilieres,68.20B,NN,2026-09-10,https://www.bodacc.fr/pages/annonces-commerciales-detail/?q.id=id:A202601811450,2026-09-22
A202601811451,creation,creation,0,130199284,MGC FOOD,"restauration traditionnelle et rapide, snack, consommation sur place, vente à emporter et livraison, spécialisée dans les tapas et spécialités espagnoles. l'activité est exercée sans vente de boissons alcoolisées.",34032,Béziers,"34500, 34550",81545,43.3481,3.2342,Greffe du Tribunal de Commerce de Béziers,,,I,Hebergement et restauration,56.10A,NN,2026-10-10,https://www.bodacc.fr/pages/annonces-commerciales-detail/?q.id=id:A202601811451,2026-09-22
A202601811452,creation,creation,0,130158140,NOXIA GROUPE,"- la prise de participation, directe ou indirecte, dans toutes sociétés ou entreprises, par tous moyens, notamment par acquisition, souscription, apport, fusion ou autrement, - la détention, la gestion, l'administration, la cession et la valorisation de participations, titres et valeurs mobilières, - l'animation, la direction, la coordination et le contrôle des sociétés dans lesquelles elle détient une participation, et plus généralement l'exercice d'un rôle de holding animatrice.",34032,Béziers,34500,81545,43.3481,3.2342,Greffe du Tribunal de Commerce de Béziers,,,M,"Activites specialisees, scientifiques et techniques",70.10Z,NN,2026-09-09,https://www.bodacc.fr/pages/annonces-commerciales-detail/?q.id=id:A202601811452,2026-09-22
A202601811453,creation,creation,0,109887612,SCI CAPMED,"l'acquisition, l'administration, la gestion par location ou autrement de tous immeubles et biens immobiliers ; la propriété, la gestion, et plus généralement l'exploitation par bail, location ou toute autre forme que ce soit, d'immeubles et terrains que la société se propose d'acquérir ou bâtir, et toutes opérations financières, mobilières ou immobilières de caractère purement civil et se rattachant à l'objet social ;la possibilité d'affecter des biens sociaux et/ou immeubles en garantie de prêts souscrits par les associés ou les usufruitiers des parts sociales, à titre occasionnel et dans la limite de l'objet civil de la société ; l'acquisition, la prise de participation, la gestion et la cession de tous titres, valeurs mobilières, participations financières, dans toutes affaires, entreprises, sociétés commerciales, industrielles, financières, mobilières ou immobilières, ainsi que l'exercice de tous les droits attachés à ces participations et valeurs mobilières ; la possibilité d'affecter totalement ou partiellement ses locaux à titre gratuit à l'un de ses associés.",34310,Thézan-lès-Béziers,34490,3124,43.4126,3.1593,Greffe du Tribunal de Commerce de Béziers,,,L,Activites immobilieres,68.20B,NN,2026-09-12,https://www.bodacc.fr/pages/annonces-commerciales-detail/?q.id=id:A202601811453,2026-09-22
A202601811454,creation,creation,0,130103906,SCI MT&F,"- acquisition, administration, vente, gestion, location de tout bien immobilier ainsi que la réalisation de toute opération financière, mobilière ou immobilière se rattachant directement ou indirectement à cet objet",34003,Agde,34300,29939,43.3084,3.4838,Greffe du Tribunal de Commerce de Béziers,,,L,Activites immobilieres,68.20B,NN,2026-09-04,https://www.bodacc.fr/pages/annonces-commerciales-detail/?q.id=id:A202601811454,2026-09-22
A202601811455,creation,creation,0,130116536,SCI TABTI NUEZ,"location et gestion de biens immobiliers propres, bâtis ou non bâtis, terrains, locaux et logements. acquisition, propriété, détention, administration, mise en valeur, aménagement et mise à disposition des biens et droits immobiliers appartenant à la société.",34084,Corneilhan,34490,1622,43.4026,3.1927,Greffe du Tribunal de Commerce de Béziers,,,L,Activites immobilieres,68.20B,NN,2026-09-16,https://www.bodacc.fr/pages/annonces-commerciales-detail/?q.id=id:A202601811455,2026-09-22
A202601811456,creation,creation,0,130165863,SCI TRADITIO,"l'acquisition, en état futur d'achèvement ou achevés, l'apport, la propriété, la mise en valeur, la transformation, la construction, l'aménagement, l'administration, la location et la vente (à l'exclusion de toute opération de nature commerciale), la mise à disposition à titre gratuit au profit de l'un des associés, de tous biens et droits immobiliers, ainsi que de tous biens et droits pouvant constituer l'accessoire, l'annexe ou le complément des biens et droits immobiliers en question.",34223,Puimisson,34480,1225,43.4376,3.2084,Greffe du Tribunal de Commerce de Béziers,,,L,Activites immobilieres,68.20B,NN,2026-06-14,https://www.bodacc.fr/pages/annonces-commerciales-detail/?q.id=id:A202601811456,2026-09-22
A202601811457,creation,creation,0,109269209,SPV DEV'ENR 51,"développement, financement, construction et exploitation technique et commerciale de centrales de production d'électricité d'origine renouvelable et de stockage d'énergie par batteries.",34032,Béziers,34500,81545,43.3481,3.2342,Greffe du Tribunal de Commerce de Béziers,,,D,Production et distribution d'energie,35.11Z,NN,2026-07-21,https://www.bodacc.fr/pages/annonces-commerciales-detail/?q.id=id:A202601811457,2026-09-22
A202601811458,creation,creation,0,130228950,XERESA,"l'acquisition d'un immeuble, l'administration et l'exploitation par bail, location ou autrement dudit immeuble et de tous autres immeubles bâtis dont elle pourrait devenir propriétaire ultérieurement, par voie d'acquisition, échange, apport ou autrement",34199,Pézenas,34120,7797,43.4616,3.418,Greffe du Tribunal de Commerce de Béziers,,,L,Activites immobilieres,68.20B,NN,2026-09-14,https://www.bodacc.fr/pages/annonces-commerciales-detail/?q.id=id:A202601811458,2026-09-22
A202601811459,transfert,immatriculation,0,900824111,"GARCIA Claudie, Renée, Rosie",conciergerie - gestion immobilière,34063,Caux,34720,2718,43.5031,3.3709,Greffe du Tribunal de Commerce de Béziers,,,S,Autres activites de services,96.09Z,NN,2021-07-01,https://www.bodacc.fr/pages/annonces-commerciales-detail/?q.id=id:A202601811459,2026-09-22
A202601811460,transfert,immatriculation,0,443135801,DOG EVASION,éducation dressage et gardiennage canin - services à la personne : promenade balade escapade pour les chiens et leur propriétaire - fabrication d'articles de bijouteries fantaisies et articles similaires (sans métaux précieux) - vente d'articles de bijouteries fantaisies et articles similaires (sans métaux précieux) en sédentaire ambulant et par e-commerce,34031,Bessan,34550,5838,43.3566,3.4141,Greffe du Tribunal de Commerce de Béziers,,,S,Autres activites de services,96.09Z,NN,2002-09-01,https://www.bodacc.fr/pages/annonces-commerciales-detail/?q.id=id:A202601811460,2026-09-22
A202601811461,transfert,immatriculation,0,851835645,DAVID GLOTOFF,commerce de détail alimentaire sur éventaires et marchés - boucherie charcuterie,34052,Capestang,34310,3514,43.3184,3.0501,Greffe du Tribunal de Commerce de Béziers,,,G,"Commerce, reparation d'automobiles",47.81Z,NN,2019-06-24,https://www.bodacc.fr/pages/annonces-commerciales-detail/?q.id=id:A202601811461,2026-09-22
A202601811462,transfert,immatriculation,0,490605771,LA MAIN,"acquisition par voie d'achat ou d'apport, propriété, mise en valeur, transformation, aménagement, administration et la location de tous ses biens et droits pouvant constituer l'accessoire, l'annexe ou le complément des biens et droits immobiliers en question, la vente et la transaction sur tous types de biens immobiliers.",34299,Sérignan,34410,8588,43.271,3.3011,Greffe du Tribunal de Commerce de Béziers,,,L,Activites immobilieres,68.20B,NN,2006-06-08,https://www.bodacc.fr/pages/annonces-commerciales-detail/?q.id=id:A202601811462,2026-09-22
A202601811463,transfert,immatriculation,0,939839643,O'PNEUS,achat et vente de pièces détachées montage de pneumatique et entretien de voitures achat et vente de véhicule et matériel location d'outillages et d'espace de travail lavage de voiture - montage de pneus entretien véhicule lavage de voiture,34032,Béziers,34500,81545,43.3481,3.2342,Greffe du Tribunal de Commerce de Béziers,,,G,"Commerce, reparation d'automobiles",45.32Z,NN,2025-03-01,https://www.bodacc.fr/pages/annonces-commerciales-detail/?q.id=id:A202601811463,2026-09-22
A202601811464,transfert,immatriculation,0,106927726,RING BEZIERS,,34032,Béziers,34500,81545,43.3481,3.2342,Greffe du Tribunal de Commerce de Béziers,,,Z,Secteur non renseigne,00.00Z,NN,2026-06-09,https://www.bodacc.fr/pages/annonces-commerciales-detail/?q.id=id:A202601811464,2026-09-22
A202601811465,vente_fonds,vente,1,106019227,Brasserie du Bonheur,vente de bières et produits dérivés ainsi que la location de machines pour des événements personnels et des événements à thème.,34270,Saint-Jean-de-Védas,34430,13328,43.5732,3.8329,Greffe du Tribunal de Commerce de Montpellier,,54000.0,I,Hebergement et restauration,56.10C,NN,2026-06-05,https://www.bodacc.fr/pages/annonces-commerciales-detail/?q.id=id:A202601811465,2026-09-22
A202601811466,vente_fonds,vente,1,105835979,LG CONSEILS,agence immobilière.,34079,Clermont-l'Hérault,34800,9461,43.6323,3.4017,Greffe du Tribunal de Commerce de Montpellier,,435086.0,L,Activites immobilieres,68.31Z,NN,2026-05-26,https://www.bodacc.fr/pages/annonces-commerciales-detail/?q.id=id:A202601811466,2026-09-22
A202601811467,vente_fonds,vente,1,105170054,LOMAT,"restauration traditionnelle - petite restauration, traiteur, glacier",34108,Frontignan,34110,24136,43.4486,3.7493,Greffe du Tribunal de Commerce de Montpellier,,80000.0,I,Hebergement et restauration,56.10A,NN,2026-05-12,https://www.bodacc.fr/pages/annonces-commerciales-detail/?q.id=id:A202601811467,2026-09-22
A202601811468,vente_fonds,vente,1,509380879,RUBIS AUTOMOBILES - GROUPE CAPEL,,34172,Montpellier,34070,310240,43.61,3.8742,Greffe du Tribunal de Commerce de Montpellier,,,G,"Commerce, reparation d'automobiles",45.11Z,11,2009-01-01,https://www.bodacc.fr/pages/annonces-commerciales-detail/?q.id=id:A202601811468,2026-09-22
A202601811469,vente_fonds,vente,1,108510298,TOSH,"snack, bar, brasserie.",34057,Castelnau-le-Lez,34170,26058,43.6372,3.9113,Greffe du Tribunal de Commerce de Montpellier,,155000.0,Z,Secteur non renseigne,00.00Z,NN,2026-06-23,https://www.bodacc.fr/pages/annonces-commerciales-detail/?q.id=id:A202601811469,2026-09-22
A202601811470,vente_fonds,vente,1,833803075,TRESSOL CHABRIER MONTPELLIER,,34172,Montpellier,34070,310240,43.61,3.8742,Greffe du Tribunal de Commerce de Montpellier,,,G,"Commerce, reparation d'automobiles",45.20A,21,2017-11-30,https://www.bodacc.fr/pages/annonces-commerciales-detail/?q.id=id:A202601811470,2026-09-22
A202601811471,vente_fonds,vente,1,109692202,YASMINE DANIEL COIFFURE,salon de coiffure,34111,Ganges,34190,3724,43.9448,3.7039,Greffe du Tribunal de Commerce de Montpellier,,,S,Autres activites de services,96.02A,NN,2026-04-01,https://www.bodacc.fr/pages/annonces-commerciales-detail/?q.id=id:A202601811471,2026-09-22
A202601811472,creation,creation,0,808077820,Livraison de repas a domicile,coursier a vélo aimentaire,34057,Castelnau-le-Lez,34170,26058,43.6372,3.9113,Greffe du Tribunal de Commerce de Montpellier,,,H,Transports et entreposage,53.20Z,NN,2014-12-28,https://www.bodacc.fr/pages/annonces-commerciales-detail/?q.id=id:A202601811472,2026-09-22
A202601811473,creation,creation,0,999368343,"AZZOUZ Amal, Fatima, Zohra","vente en ligne de e-books de langues, guides de conversation, pdf de vocabulaire trilingue, cours en ligne, formations vidéo, packs professionnels pour entreprises, modèles d'e-mails multilingues, modèles de documents, audios de prononciation, podcasts éducatifs, flashcards numériques, fiches de grammaire, exercices corrigés, quiz interactifs, dictionnaires spécialisés",34172,Montpellier,34070,310240,43.61,3.8742,Greffe du Tribunal de Commerce de Montpellier,,,M,"Activites specialisees, scientifiques et techniques",74.30Z,NN,2026-01-05,https://www.bodacc.fr/pages/annonces-commerciales-detail/?q.id=id:A202601811473,2026-09-22
A202601811474,creation,creation,0,832892640,"BAGHDADLI Safi, Ryad","coursier, livraisons à domicile sans véhicule motorisé",34172,Montpellier,34070,310240,43.61,3.8742,Greffe du Tribunal de Commerce de Montpellier,,,P,Enseignement,85.52Z,NN,2017-11-01,https://www.bodacc.fr/pages/annonces-commerciales-detail/?q.id=id:A202601811474,2026-09-22
A202601811475,creation,creation,0,411386444,"BARBIER aude, Jacqueline, yvette",achat et revente de meubles et objets anciens,34095,Fabrègues,34690,7447,43.5312,3.7737,Greffe du Tribunal de Commerce de Montpellier,,,M,"Activites specialisees, scientifiques et techniques",70.22Z,NN,1997-03-06,https://www.bodacc.fr/pages/annonces-commerciales-detail/?q.id=id:A202601811475,2026-09-22
A202601811476,creation,creation,0,130179856,"BOUHAJRA-SADI Safir, Mohamed","livraison de repas et de produits à domicile, à vélo.",34172,Montpellier,34000,310240,43.61,3.8742,Greffe du Tribunal de Commerce de Montpellier,,,H,Transports et entreposage,53.20Z,NN,2026-10-05,https://www.bodacc.fr/pages/annonces-commerciales-detail/?q.id=id:A202601811476,2026-09-22
A202601811477,creation,creation,0,109986869,NL SHOP,achat-vente de vêtements et accessoires neufs et d'occasion sur internet,34172,Montpellier,34070,310240,43.61,3.8742,Greffe du Tribunal de Commerce de Montpellier,,,G,"Commerce, reparation d'automobiles",47.91B,NN,2026-09-10,https://www.bodacc.fr/pages/annonces-commerciales-detail/?q.id=id:A202601811477,2026-09-22
A202601811478,creation,creation,0,484427067,ZNR Rider,coursiers,34340,Villetelle,34400,1768,43.7248,4.1381,Greffe du Tribunal de Commerce de Montpellier,,,H,Transports et entreposage,53.20Z,NN,2005-08-16,https://www.bodacc.fr/pages/annonces-commerciales-detail/?q.id=id:A202601811478,2026-09-22
A202601811479,creation,creation,0,109944363,Lucas Bouchez,"achat et revente de produits divers via internet, principalement sur tiktok shop, incluant la gestion des commandes, la promotion en ligne et la vente à distance",34172,Montpellier,34070,310240,43.61,3.8742,Greffe du Tribunal de Commerce de Montpellier,,,G,"Commerce, reparation d'automobiles",47.91A,NN,2026-09-13,https://www.bodacc.fr/pages/annonces-commerciales-detail/?q.id=id:A202601811479,2026-09-22
A202601811480,creation,creation,0,492798301,Rives,bar à vin,34344,La Grande-Motte,34280,8440,43.571,4.072,Greffe du Tribunal de Commerce de Montpellier,,,I,Hebergement et restauration,56.30Z,NN,2006-12-01,https://www.bodacc.fr/pages/annonces-commerciales-detail/?q.id=id:A202601811480,2026-09-22
A202601811481,creation,creation,0,915280978,Coef,vente de logiciel pour restaurateurs,34172,Montpellier,34070,310240,43.61,3.8742,Greffe du Tribunal de Commerce de Montpellier,,,G,"Commerce, reparation d'automobiles",47.91B,NN,2022-07-11,https://www.bodacc.fr/pages/annonces-commerciales-detail/?q.id=id:A202601811481,2026-09-22
A202601811482,creation,creation,0,109750109,Brakni Salim,traiteur sans vente de boisson alcoolisées,34301,Sète,34200,45337,43.3844,3.6441,Greffe du Tribunal de Commerce de Montpellier,,,I,Hebergement et restauration,56.21Z,NN,2026-09-13,https://www.bodacc.fr/pages/annonces-commerciales-detail/?q.id=id:A202601811482,2026-09-22
A202601811483,creation,creation,0,839528478,Chelikhate Sabrina,mise en relation commerciale et apport d'affaires pour le compte de professionnels.,34172,Montpellier,34000,310240,43.61,3.8742,Greffe du Tribunal de Commerce de Montpellier,,,N,Services administratifs et de soutien,82.99Z,NN,2018-05-07,https://www.bodacc.fr/pages/annonces-commerciales-detail/?q.id=id:A202601811483,2026-09-22
A202601811484,creation,creation,0,109956995,GLAGLA,vente de glaces italiennes et granités,34276,Saint-Mathieu-de-Tréviers,34270,4979,43.7679,3.8628,Greffe du Tribunal de Commerce de Montpellier,,,G,"Commerce, reparation d'automobiles",47.81Z,NN,2026-10-01,https://www.bodacc.fr/pages/annonces-commerciales-detail/?q.id=id:A202601811484,2026-09-22
A202601811485,creation,creation,0,530936814,elite transports,"livraison à domicile sans véhicule motorisée - achats, ventes, locations, exportations, transports ,convoyeurs de véhicules neufs et occasions.",34172,Montpellier,34080,310240,43.61,3.8742,Greffe du Tribunal de Commerce de Montpellier,,,H,Transports et entreposage,53.20Z,NN,2011-03-11,https://www.bodacc.fr/pages/annonces-commerciales-detail/?q.id=id:A202601811485,2026-09-22
A202601811486,creation,creation,0,445026651,Rugby Approved Montpellier,achat-vente de vêtements et accessoires,34344,La Grande-Motte,34280,8440,43.571,4.072,Greffe du Tribunal de Commerce de Montpellier,,,G,"Commerce, reparation d'automobiles",46.42Z,NN,2003-01-01,https://www.bodacc.fr/pages/annonces-commerciales-detail/?q.id=id:A202601811486,2026-09-22
A202601811487,creation,creation,0,109739169,Niko,"marché, foire, vêtements et toute autre article pour homme, femme, enfants. vente de divers produits, articles, dans divers domaines.",34145,Lunel,34400,26623,43.678,4.1329,Greffe du Tribunal de Commerce de Montpellier,,,G,"Commerce, reparation d'automobiles",47.82Z,NN,2026-10-03,https://www.bodacc.fr/pages/annonces-commerciales-detail/?q.id=id:A202601811487,2026-09-22
A202601811488,creation,creation,0,109905067,ADrénaline,"prestation de services, assistance opérationnelle et logistique auprès des entreprises.",34172,Montpellier,34070,310240,43.61,3.8742,Greffe du Tribunal de Commerce de Montpellier,,,N,Services administratifs et de soutien,82.99Z,NN,2026-08-17,https://www.bodacc.fr/pages/annonces-commerciales-detail/?q.id=id:A202601811488,2026-09-22
A202601811489,creation,creation,0,109940510,ateepick,vente en ligne de vêtements,34123,Juvignac,34990,14055,43.6173,3.7908,Greffe du Tribunal de Commerce de Montpellier,,,G,"Commerce, reparation d'automobiles",47.91B,NN,2026-09-14,https://www.bodacc.fr/pages/annonces-commerciales-detail/?q.id=id:A202601811489,2026-09-22
A202601811490,creation,creation,0,109923045,"ELVIS Ohene, Darko","la vente et le commerce en ligne de mobilier et accessoires de décoration d'intérieur, exclusivement neufs",34172,Montpellier,34070,310240,43.61,3.8742,Greffe du Tribunal de Commerce de Montpellier,,,G,"Commerce, reparation d'automobiles",47.91B,NN,2026-09-11,https://www.bodacc.fr/pages/annonces-commerciales-detail/?q.id=id:A202601811490,2026-09-22
A202601811491,creation,creation,0,130055064,Reset'nPlay,"commerce de détail et revente de cartes à collectionner, notamment cartes pokémon, neuves et d'occasion, ainsi que de jeux de société et produits de loisirs, vendus principalement en ligne et par correspondance.",34172,Montpellier,34070,310240,43.61,3.8742,Greffe du Tribunal de Commerce de Montpellier,,,G,"Commerce, reparation d'automobiles",47.91B,NN,2026-10-01,https://www.bodacc.fr/pages/annonces-commerciales-detail/?q.id=id:A202601811491,2026-09-22
A202601811492,creation,creation,0,879559458,"GREAU Nicolas, Laurent, Yannick",achat revente de cuisines,34058,Castries,34160,6883,43.6905,3.9853,Greffe du Tribunal de Commerce de Montpellier,,,M,"Activites specialisees, scientifiques et techniques",74.10Z,NN,2019-11-28,https://www.bodacc.fr/pages/annonces-commerciales-detail/?q.id=id:A202601811492,2026-09-22
A202601811493,creation,creation,0,109860882,Hamoujane Kahil,livraison de repas à domicile à vélo,34172,Montpellier,34070,310240,43.61,3.8742,Greffe du Tribunal de Commerce de Montpellier,,,H,Transports et entreposage,53.20Z,NN,2026-10-01,https://www.bodacc.fr/pages/annonces-commerciales-detail/?q.id=id:A202601811493,2026-09-22
A202601811494,creation,creation,0,109890921,MUIN,"vente en ligne de casquettes de marque propre (marque muin). conception de designs originaux, gestion des commandes via site e-commerce, vente au détail à des particuliers en france et à l'international.",34057,Castelnau-le-Lez,34170,26058,43.6372,3.9113,Greffe du Tribunal de Commerce de Montpellier,,,G,"Commerce, reparation d'automobiles",47.91B,NN,2026-10-01,https://www.bodacc.fr/pages/annonces-commerciales-detail/?q.id=id:A202601811494,2026-09-22
A202601811495,creation,creation,0,882318181,Kromatyk,"édition, développement et commercialisation de logiciels applicatifs en mode saas (software as a service). vente d'abonnements et de licences logicielles à des entreprises et particuliers - vente à distance de produits physiques via internet (e-commerce et dropshipping). commerce de détail en ligne sans magasin physique",34192,Palavas-les-Flots,34250,6133,43.5323,3.9346,Greffe du Tribunal de Commerce de Montpellier,,,J,Information et communication,58.29C,NN,2020-02-10,https://www.bodacc.fr/pages/annonces-commerciales-detail/?q.id=id:A202601811495,2026-09-22
A202601811496,creation,creation,0,130046907,Imaginary Folklore,"organisation, coordination et mise en œuvre de concerts, spectacles et événements à caractère musical et culturel.",34301,Sète,34200,45337,43.3844,3.6441,Greffe du Tribunal de Commerce de Montpellier,,,R,"Arts, spectacles et activites recreatives",93.29Z,NN,2026-09-20,https://www.bodacc.fr/pages/annonces-commerciales-detail/?q.id=id:A202601811496,2026-09-22
A202601811497,creation,creation,0,849560743,"Joly Melody, Marie-Rose","activité de coursier et livraison à domicile de marchandises et de produits, effectuée exclusivement à vélo.",34301,Sète,34200,45337,43.3844,3.6441,Greffe du Tribunal de Commerce de Montpellier,,,H,Transports et entreposage,53.20Z,NN,2019-03-22,https://www.bodacc.fr/pages/annonces-commerciales-detail/?q.id=id:A202601811497,2026-09-22
A202601811498,creation,creation,0,483424099,"KLEIN Laurent, Jean, Guillaume","courtage en crédits immobiliers, regroupement de crédits, services de paiement et courtage en assurances.",34301,Sète,34200,45337,43.3844,3.6441,Greffe du Tribunal de Commerce de Montpellier,,,K,Activites financieres et d'assurance,66.22Z,NN,2005-07-01,https://www.bodacc.fr/pages/annonces-commerciales-detail/?q.id=id:A202601811498,2026-09-22
A202601811499,creation,creation,0,850015314,BÄTIMENTS KORE,"achat et vente de produits non alimentaire non réglementés, nettoyage haies débroussaillage espace vert entretien parcs et jardins",34145,Lunel,34400,26623,43.678,4.1329,Greffe du Tribunal de Commerce de Montpellier,,,F,Construction,43.34Z,NN,2019-03-29,https://www.bodacc.fr/pages/annonces-commerciales-detail/?q.id=id:A202601811499,2026-09-22
A202601811500,creation,creation,0,109932350,Korchi Khadija,"la vente et le commerce en ligne de mobilier et accessoires de décoration d'intérieur, exclusivement neufs",34172,Montpellier,34080,310240,43.61,3.8742,Greffe du Tribunal de Commerce de Montpellier,,,G,"Commerce, reparation d'automobiles",47.91B,NN,2026-09-12,https://www.bodacc.fr/pages/annonces-commerciales-detail/?q.id=id:A202601811500,2026-09-22
A202601811501,creation,creation,0,109996397,"Le Forestier Fany, Sandra, Yvette",production de vidéos et de contenu en ligne,34246,Entre-Vignes,34400,2200,43.7193,4.081,Greffe du Tribunal de Commerce de Montpellier,,,J,Information et communication,59.11B,NN,2026-09-13,https://www.bodacc.fr/pages/annonces-commerciales-detail/?q.id=id:A202601811501,2026-09-22
A202601811502,creation,creation,0,921997383,Lopes pinto Hugo,"développement, conception, création, maintenance et commercialisation de logiciels, applications web et sites internet, ainsi que de solutions saas accessibles par abonnement mensuel ou annuel.",34108,Frontignan,34110,24136,43.4486,3.7493,Greffe du Tribunal de Commerce de Montpellier,,,J,Information et communication,62.01Z,NN,2022-12-01,https://www.bodacc.fr/pages/annonces-commerciales-detail/?q.id=id:A202601811502,2026-09-22
A202601811503,creation,creation,0,999767866,Clarté Assist,"création, édition et vente à distance de contenus numériques téléchargeables et de livres en auto-édition (support numérique et papier) via des plateformes en ligne.",34276,Saint-Mathieu-de-Tréviers,34270,4979,43.7679,3.8628,Greffe du Tribunal de Commerce de Montpellier,,,M,"Activites specialisees, scientifiques et techniques",70.22Z,NN,2026-01-13,https://www.bodacc.fr/pages/annonces-commerciales-detail/?q.id=id:A202601811503,2026-09-22
A202601811504,creation,creation,0,109886333,"MARCEL Maëlle, Marie","la vente et le commerce en ligne de chaussures, vêtements et accessoires de mode, vêtements, équipements et accessoires de sport, mercerie et tissus, bijoux fantaisie, montres, sacs et valises, parfums et cosmétiques, produits d'hygiène et de beauté, neufs et d'occasion - coursier à vélo : livraison de repas à vélo",34172,Montpellier,34080,310240,43.61,3.8742,Greffe du Tribunal de Commerce de Montpellier,,,G,"Commerce, reparation d'automobiles",47.91B,NN,2026-09-10,https://www.bodacc.fr/pages/annonces-commerciales-detail/?q.id=id:A202601811504,2026-09-22
A202601811505,creation,creation,0,109791129,"MARTIN Kylian, patrick, mickaël","organisation et coordination de foires, salons professionnels et évènements, dont défilés de mode, dans le secteur du luxe : gestion technique et globale, gestion de prestataires, supervision des installations et désinstallations de mobilier et d'éléments de décor",34301,Sète,34200,45337,43.3844,3.6441,Greffe du Tribunal de Commerce de Montpellier,,,N,Services administratifs et de soutien,82.30Z,NN,2026-09-09,https://www.bodacc.fr/pages/annonces-commerciales-detail/?q.id=id:A202601811505,2026-09-22
A202601811506,creation,creation,0,109945188,"MEZOUAR Gaëtan, Jonathan",livraison de repas à domicile à vélo.,34022,Baillargues,34670,7829,43.6565,4.0102,Greffe du Tribunal de Commerce de Montpellier,,,H,Transports et entreposage,53.20Z,NN,2026-09-01,https://www.bodacc.fr/pages/annonces-commerciales-detail/?q.id=id:A202601811506,2026-09-22
A202601811507,creation,creation,0,899955033,MILOUDI Bryan,coursier livraison à domicile,34172,Montpellier,34000,310240,43.61,3.8742,Greffe du Tribunal de Commerce de Montpellier,,,H,Transports et entreposage,53.20Z,NN,2021-05-10,https://www.bodacc.fr/pages/annonces-commerciales-detail/?q.id=id:A202601811507,2026-09-22
A202601811508,creation,creation,0,109877944,"Mazas Jennifer, Natacha","vente de produits menager,produit esthetique et vetements",34172,Montpellier,34000,310240,43.61,3.8742,Greffe du Tribunal de Commerce de Montpellier,,,G,"Commerce, reparation d'automobiles",47.89Z,NN,2026-10-01,https://www.bodacc.fr/pages/annonces-commerciales-detail/?q.id=id:A202601811508,2026-09-22
A202601811509,creation,creation,0,812455962,"Mendes Kelyann, Tony, Francois",livraison velo,34172,Montpellier,34070,310240,43.61,3.8742,Greffe du Tribunal de Commerce de Montpellier,,,H,Transports et entreposage,53.20Z,NN,2015-07-06,https://www.bodacc.fr/pages/annonces-commerciales-detail/?q.id=id:A202601811509,2026-09-22
A202601811510,creation,creation,0,952002582,Lms,livraison de repas à domicile en vélo,34172,Montpellier,34000,310240,43.61,3.8742,Greffe du Tribunal de Commerce de Montpellier,,,H,Transports et entreposage,53.20Z,NN,2023-03-20,https://www.bodacc.fr/pages/annonces-commerciales-detail/?q.id=id:A202601811510,2026-09-22
A202601811511,creation,creation,0,853305654,Bánh mi Bike,- vente de boissons en canettes sans alcool (afin de créer un menu).,34129,Lattes,34970,17351,43.567,3.899,Greffe du Tribunal de Commerce de Montpellier,,,I,Hebergement et restauration,56.10C,NN,2019-08-01,https://www.bodacc.fr/pages/annonces-commerciales-detail/?q.id=id:A202601811511,2026-09-22
A202601811512,creation,creation,0,130077167,OUAISSA Youssouf,"coursier, livraison à domicile et de marchandises sans véhicule motorisé à vélo ou à pied.",34172,Montpellier,34000,310240,43.61,3.8742,Greffe du Tribunal de Commerce de Montpellier,,,Z,Secteur non renseigne,,,,https://www.bodacc.fr/pages/annonces-commerciales-detail/?q.id=id:A202601811512,2026-09-22
A202601811513,creation,creation,0,109969840,Gen Corp,"édition et exploitation d'un jeu de société en ligne. l'activité consiste à développer, héberger et opérer une application web de jeu (scénarios d'enquête à jouer entre joueurs), accessible gratuitement, et à commercialiser en ligne un accès payant à des fonctionnalités et contenus additionnels (catalogue de scénarios, bibliothèque personnelle) sous forme d'achat unique.",34172,Montpellier,34080,310240,43.61,3.8742,Greffe du Tribunal de Commerce de Montpellier,,,J,Information et communication,58.21Z,NN,2026-09-14,https://www.bodacc.fr/pages/annonces-commerciales-detail/?q.id=id:A202601811513,2026-09-22
A202601811514,creation,creation,0,130036619,CARIO FIT,vente d articles de sport accessoires vente d'artisanat textile accessoire de mode bijoux fantaisies maroquineries - vente d'artisanat articles de sport textile accessoire de mode bijoux fantaisies maroquineries,34172,Montpellier,34070,310240,43.61,3.8742,Greffe du Tribunal de Commerce de Montpellier,,,G,"Commerce, reparation d'automobiles",47.91B,NN,2026-09-14,https://www.bodacc.fr/pages/annonces-commerciales-detail/?q.id=id:A202601811514,2026-09-22
A202601811515,creation,creation,0,107967176,"Pichet Mathis, Yanis, Clément",livraison de repas et de commandes à domicile à vélo via une plateforme numérique.,34123,Juvignac,34990,14055,43.6173,3.7908,Greffe du Tribunal de Commerce de Montpellier,,,H,Transports et entreposage,53.20Z,NN,2026-07-24,https://www.bodacc.fr/pages/annonces-commerciales-detail/?q.id=id:A202601811515,2026-09-22
A202601811516,creation,creation,0,535385835,"Porte Nicolas, André","achat et revente de marchandises neuves ou d'occasion et vente d'affiches imprimées, via des plateformes de vente en ligne.",34116,Grabels,34790,9092,43.6503,3.7894,Greffe du Tribunal de Commerce de Montpellier,,,G,"Commerce, reparation d'automobiles",47.91B,NN,2011-10-15,https://www.bodacc.fr/pages/annonces-commerciales-detail/?q.id=id:A202601811516,2026-09-22
A202601811517,creation,creation,0,978833655,Zoli,vente divers objet sur les marchés,34108,Frontignan,34110,24136,43.4486,3.7493,Greffe du Tribunal de Commerce de Montpellier,,,G,"Commerce, reparation d'automobiles",47.89Z,NN,2023-09-01,https://www.bodacc.fr/pages/annonces-commerciales-detail/?q.id=id:A202601811517,2026-09-22
A202601811518,creation,creation,0,109716381,Refeyton Elisa,montage vidéo,34172,Montpellier,34070,310240,43.61,3.8742,Greffe du Tribunal de Commerce de Montpellier,,,J,Information et communication,59.12Z,NN,2026-09-09,https://www.bodacc.fr/pages/annonces-commerciales-detail/?q.id=id:A202601811518,2026-09-22
A202601811519,creation,creation,0,109935916,Studio Chips,"création, production et diffusion de contenus numériques et audiovisuels sur internet, notamment diffusion de vidéos et de contenus en direct (streaming) sur twitch et autres plateformes de diffusion, ainsi que création et publication de contenus sur youtube, tiktok et réseaux sociaux.",34151,Marsillargues,34590,6988,43.6376,4.1346,Greffe du Tribunal de Commerce de Montpellier,,,J,Information et communication,58.21Z,NN,2026-09-12,https://www.bodacc.fr/pages/annonces-commerciales-detail/?q.id=id:A202601811519,2026-09-22
A202601811520,creation,creation,0,109962530,Belani,"vente en ligne de produits de consommation courante et d'accessoires divers (mode, maison, bien-être, beauté, high-tech, etc.) via un site e-commerce, avec livraison à domicile. la nature précise des produits est susceptible d'évoluer selon les opportunités commerciales.",34172,Montpellier,34070,310240,43.61,3.8742,Greffe du Tribunal de Commerce de Montpellier,,,G,"Commerce, reparation d'automobiles",47.91A,NN,2026-09-12,https://www.bodacc.fr/pages/annonces-commerciales-detail/?q.id=id:A202601811520,2026-09-22
A202601811521,creation,creation,0,109771980,ROBISA WILLIAM,livraison à domicile de repas,34172,Montpellier,34090,310240,43.61,3.8742,Greffe du Tribunal de Commerce de Montpellier,,,H,Transports et entreposage,53.20Z,NN,2026-08-20,https://www.bodacc.fr/pages/annonces-commerciales-detail/?q.id=id:A202601811521,2026-09-22
A202601811522,creation,creation,0,501158877,SADDIK Si Rachid,"vente d'articles de décoration de la maison, autres produits, matelas et housses de matelas",34123,Juvignac,34990,14055,43.6173,3.7908,Greffe du Tribunal de Commerce de Montpellier,,,G,"Commerce, reparation d'automobiles",47.89Z,NN,2007-12-03,https://www.bodacc.fr/pages/annonces-commerciales-detail/?q.id=id:A202601811522,2026-09-22
A202601811523,creation,creation,0,109955088,Salez Maxime Gabriel Daniel,livraison à domicile de repas et autres activités de poste et de courrier n. c. a. : livraisons uber eats,34129,Lattes,34970,17351,43.567,3.899,Greffe du Tribunal de Commerce de Montpellier,,,H,Transports et entreposage,53.20Z,NN,2026-09-13,https://www.bodacc.fr/pages/annonces-commerciales-detail/?q.id=id:A202601811523,2026-09-22
A202601811524,creation,creation,0,109924662,Salih Azzedine,coursier à vélo uber/deliveroo,34172,Montpellier,34080,310240,43.61,3.8742,Greffe du Tribunal de Commerce de Montpellier,,,H,Transports et entreposage,53.20Z,NN,2026-09-20,https://www.bodacc.fr/pages/annonces-commerciales-detail/?q.id=id:A202601811524,2026-09-22
A202601811525,creation,creation,0,894036037,TOURE Cheikh,"coursier, livraisons à domicile sans véhicule motorisé",34113,Gigean,34770,6639,43.4953,3.7242,Greffe du Tribunal de Commerce de Montpellier,,,H,Transports et entreposage,53.20Z,NN,2021-02-11,https://www.bodacc.fr/pages/annonces-commerciales-detail/?q.id=id:A202601811525,2026-09-22
A202601811526,creation,creation,0,109718528,Imperiale.D,"vente de foulards, châles, étoles, vêtements et accessoires en soie.",34255,Saint-Gély-du-Fesc,34980,10472,43.6897,3.81,Greffe du Tribunal de Commerce de Montpellier,,,Z,Secteur non renseigne,,,,https://www.bodacc.fr/pages/annonces-commerciales-detail/?q.id=id:A202601811526,2026-09-22
A202601811527,creation,creation,0,817428352,Lo Maya,"édition et vente d'applications et de logiciels pour téléphones et tablettes, commercialisés en ligne sur les plateformes de téléchargement.",34154,Mauguio,34130,16522,43.5915,4.0128,Greffe du Tribunal de Commerce de Montpellier,,,J,Information et communication,58.29C,NN,2016-01-01,https://www.bodacc.fr/pages/annonces-commerciales-detail/?q.id=id:A202601811527,2026-09-22
A202601811528,creation,creation,0,109589937,ilyes badri,livreur de repas a domicile a vélo,34172,Montpellier,34080,310240,43.61,3.8742,Greffe du Tribunal de Commerce de Montpellier,,,H,Transports et entreposage,53.20Z,NN,2026-09-15,https://www.bodacc.fr/pages/annonces-commerciales-detail/?q.id=id:A202601811528,2026-09-22
A202601811529,creation,creation,0,130052632,"bentafat ilyes, belkacem, claude, saadi, ali",achat et revente en ligne de produits divers non réglementés auprès de particuliers,34192,Palavas-les-Flots,34250,6133,43.5323,3.9346,Greffe du Tribunal de Commerce de Montpellier,,,G,"Commerce, reparation d'automobiles",47.91A,NN,2026-09-14,https://www.bodacc.fr/pages/annonces-commerciales-detail/?q.id=id:A202601811529,2026-09-22
A202601811530,creation,creation,0,802447300,Trois & moi,"achat et revente au détail, principalement par internet et via des plateformes de vente en ligne, de bijoux fantaisie, accessoires de mode, vêtements, articles textiles, objets de décoration, cadeaux et articles saisonniers - vente au détail sur marchés, foires, salons et autres évènements, de bijoux fantaisie, accessoires de mode, vêtements, articles textiles, objets de décoration, cadeaux, articles saisonniers et créations artisanales",34301,Sète,34200,45337,43.3844,3.6441,Greffe du Tribunal de Commerce de Montpellier,,,G,"Commerce, reparation d'automobiles",47.11B,NN,2014-05-11,https://www.bodacc.fr/pages/annonces-commerciales-detail/?q.id=id:A202601811530,2026-09-22
A202601811531,creation,creation,0,130159791,ADN,"l'acquisition, la propriété, la gestion, l'administration et l'exploitation par bail, location nue, meublée ou autrement, de tous biens et droits immobiliers bâtis ou non bâtis dont elle pourrait devenir propriétaire ultérieurement, par voie d'acquisition, d'échange, d'apport ou autrement.",34087,Cournonsec,34660,3616,43.5395,3.7024,Greffe du Tribunal de Commerce de Montpellier,,,L,Activites immobilieres,68.20B,NN,2026-09-16,https://www.bodacc.fr/pages/annonces-commerciales-detail/?q.id=id:A202601811531,2026-09-22
A202601811532,creation,creation,0,109764159,AMARA INVEST,"la prise sous toutes ses formes, de tous intérêts et participations, dans toutes sociétés ou entreprises ; la détention et la gestion de titres et de valeurs mobilières ; le suivi actif des participations avec notamment la détention d'un mandat social dans leur organe d'administration ou de contrôle ; toutes activités de prestations de services, notamment en matière administratives, comptable, informatique, publicitaire et financière, l'assistance à la gestion, à l'orientation commerciales, la coordination d'actions collectives, la recherche, le développement et le recrutement ; l'acquisition, l'aliénation, l'échange, la prise à bail ou la location et l'exploitation sous toutes formes de tous immeubles, bâtis ou non bâtis, urbains ou ruraux, de toutes entreprises industrielles ou commerciales, de tous fonds de commerce, de tous fonds d'industries et de tous établissements industriels ou commerciaux ; l'initiation, l'étude, le montage financier, la réalisation, la gestion et la commercialisation d'affaires immobilières, soit pour son compte, soit en qualité de prestataire de services, en toutes qualités ; l'acquisition et la vente de terrains ou d'immeubles dans le cadre d'opérations immobilières et notamment celles de marchand de biens",34172,Montpellier,34080,310240,43.61,3.8742,Greffe du Tribunal de Commerce de Montpellier,,,M,"Activites specialisees, scientifiques et techniques",70.10Z,NN,2026-09-08,https://www.bodacc.fr/pages/annonces-commerciales-detail/?q.id=id:A202601811532,2026-09-22
A202601811533,creation,creation,0,109990028,CIGALIS,,34057,Castelnau-le-Lez,34170,26058,43.6372,3.9113,Greffe du Tribunal de Commerce de Montpellier,,,Z,Secteur non renseigne,00.00Z,NN,2026-09-08,https://www.bodacc.fr/pages/annonces-commerciales-detail/?q.id=id:A202601811533,2026-09-22
A202601811534,creation,creation,0,130134695,DE LA MOTTE JL,"l'acquisition d'un immeuble, l'administration et l'exploitation par bail, location ou autrement dudit immeuble et de tous autres immeubles bâtis dont elle pourrait devenir propriétaire ultérieurement, par voie d'acquisition, échange, apport ou autrement.",34127,Lansargues,34130,3233,43.6314,4.0789,Greffe du Tribunal de Commerce de Montpellier,,,L,Activites immobilieres,68.20B,NN,2026-09-15,https://www.bodacc.fr/pages/annonces-commerciales-detail/?q.id=id:A202601811534,2026-09-22
A202601811535,creation,creation,0,130212137,ETS AS CASTRES,"la société a pour objet, directement ou indirectement, en france ou à l'étranger : la vente à domicile de matériaux d'isolation et de rénovation d'habitation, la participation de la société, par tous moyens, directement ou indirectement, dans toutes opérations pouvant se rattacher à son objet par voie de création de sociétés nouvelles, d'apport, de souscription ou d'achat de titres ou droits sociaux, de fusion ou autrement, de création, d'acquisition, de location, de prise en location-gérance de tous fonds de commerce ou établissements ; la prise, l'acquisition, l'exploitation ou la cession de tous procédés et brevets concernant ces activités. et énéralement, toutes opérations industrielles, commerciales, financières, civiles, mobilières ou immobilières, pouvant se rattacher directement ou indirectement à l'objet social ou à tout objet similaire ou connexe.",34154,Mauguio,34130,16522,43.5915,4.0128,Greffe du Tribunal de Commerce de Montpellier,,,G,"Commerce, reparation d'automobiles",47.99A,NN,2026-09-15,https://www.bodacc.fr/pages/annonces-commerciales-detail/?q.id=id:A202601811535,2026-09-22
A202601811536,creation,creation,0,130220569,FORMAVISE EUROPE,"la société a pour objet, en france et à l'étranger : le conseil, le développement de formules, le sourcing, l'achat, la vente, l'importation et l'exportation de produits finis, semi-finis, formules et ingrédients dans les secteurs de la nutrition, du bien-être, de la beauté, de la cosmétique et de l'alimentation fonctionnelle. la coordination et le suivi de projets oem/odm, de la conception jusqu'au produit fini. et plus généralement, toutes opérations se rattachant directement ou indirectement à l'objet social ci-dessus ou à tout objet similaire ou complémentaire.",34172,Montpellier,34070,310240,43.61,3.8742,Greffe du Tribunal de Commerce de Montpellier,,,G,"Commerce, reparation d'automobiles",46.90Z,NN,2026-09-01,https://www.bodacc.fr/pages/annonces-commerciales-detail/?q.id=id:A202601811536,2026-09-22
A202601811537,creation,creation,0,130247661,GRAM MEAL,"la mise à disposition, la vente de repas et produits alimentaires frais, notamment au moyen de distributeurs automatiques de type casiers, frigos ou lockers installés dans des salles de sport, centres de remise en forme, établissements sportifs et, plus généralement, dans tous lieux recevant du public ou des salariés",34172,Montpellier,34000,310240,43.61,3.8742,Greffe du Tribunal de Commerce de Montpellier,,,G,"Commerce, reparation d'automobiles",47.99B,NN,2026-09-17,https://www.bodacc.fr/pages/annonces-commerciales-detail/?q.id=id:A202601811537,2026-09-22
A202601811538,creation,creation,0,130061146,GROUP BARGAZ,"société a pour objet, en france et à l'étranger : la prise de participations, directe ou indirecte, dans toutes sociétés, entreprises ou groupements, par voie de création, acquisition, souscription, apport, fusion, alliance ou autrement ; la détention, la gestion, l'administration, l'arbitrage et, le cas échéant, la cession de ces participations l'animation effective des sociétés qu'elle contrôle directement ou indirectement, notamment par la participation active à la conduite de la politique du groupe et au contrôle de ses filiales ; la fourniture à ses filiales et participations de prestations administratives, financières, comptables, juridiques, fiscales, informatiques, commerciales, stratégiques, de gestion, de ressources humaines, de communication et de direction ; la gestion centralisée ou coordonnée de la trésorerie du groupe et la réalisation d'opérations de trésorerie avec les sociétés liées, dans le respect de l'article l. 511-7 du code monétaire et financier ; la souscription, l'acquisition, la détention, l'administration et la cession de valeurs mobilières, titres de participation, parts sociales, droits sociaux et instruments financiers ; l'acquisition, la détention, la gestion, l'administration, la location et la cession de tous biens et droits immobiliers utiles à la réalisation de l'objet social ; le dépôt, l'acquisition, l'exploitation, la gestion, la concession et la cession de brevets, marques, noms de domaine, logiciels et autres droits de propriété intellectuelle.",34123,Juvignac,34990,14055,43.6173,3.7908,Greffe du Tribunal de Commerce de Montpellier,,,M,"Activites specialisees, scientifiques et techniques",70.10Z,NN,2026-10-01,https://www.bodacc.fr/pages/annonces-commerciales-detail/?q.id=id:A202601811538,2026-09-22
A202601811539,creation,creation,0,130138076,H. I RENOVATION,"la société a pour objet directement ou indirectement, tant en france qu'à l'étranger : tous travaux de second œuvre, de finition et de rénovation du bâtiment, notamment carrelage - la société a pour objet directement ou indirectement, tant en france qu'à l'étranger : tous travaux de second œuvre, de finition et de rénovation du bâtiment, notamment peinture, plâtrerie, isolation. - la société a pour objet directement ou indirectement, tant en france qu'à l'étranger : tous travaux de second œuvre, de finition et de rénovation du bâtiment, notamment climatisation.",34172,Montpellier,34080,310240,43.61,3.8742,Greffe du Tribunal de Commerce de Montpellier,,,Z,Secteur non renseigne,,,,https://www.bodacc.fr/pages/annonces-commerciales-detail/?q.id=id:A202601811539,2026-09-22
A202601811540,creation,creation,0,109776948,JMB LOGISTIQUE,"- la réalisation de prestations de conseils et de services (consulting) dans le domaine de la logistique. - l'achat, la souscription, la cession, la détention ou rapport de tous droits sociaux, actions ou autres valeurs mobilières dans toutes sociétés ; - la prise de participation par tous moyens dans toutes entreprises ou sociétés ; - l'acquisition et l'exploitation de biens, de valeurs, et de droits, dans le secteur immobilier, financier ou industriel ; - toutes prestations de services et de conseils en matière de stratégie, management, organisation, ressources humaines, technologie, informatique et télécommunication, communication, gestion immobilière, gestion financière et administrative, contrôle et suivi, juridique, marketing et achats ; et plus généralement toutes prestations liées à la direction et à la marche des affaires, envers ses filiales et participations directes ou indirectes ; - toutes prestations de services liées à l'identification et à l'évaluation de possibilités d'investissement ou de désinvestissement, d'assistance à la réalisation d'investissement ou de désinvestissement.",34344,La Grande-Motte,34280,8440,43.571,4.072,Greffe du Tribunal de Commerce de Montpellier,,,M,"Activites specialisees, scientifiques et techniques",70.22Z,NN,2026-04-01,https://www.bodacc.fr/pages/annonces-commerciales-detail/?q.id=id:A202601811540,2026-09-22
A202601811541,creation,creation,0,130197841,LAULY INVEST,toutes prises de participations et de détention de titres,34288,Saint-Sériès,34400,972,43.7365,4.1069,Greffe du Tribunal de Commerce de Montpellier,,,M,"Activites specialisees, scientifiques et techniques",70.10Z,NN,2026-09-16,https://www.bodacc.fr/pages/annonces-commerciales-detail/?q.id=id:A202601811541,2026-09-22
A202601811542,creation,creation,0,130110422,LE 311,"l'acquisition, la mise en valeur, la gestion, la location, l'exploitation, la cession, l'administration de tous biens immobiliers lesdites activités pouvant être exercées directement ou indirectement et notamment par voie de création d'immeuble, d'apports, de reprise en location, d'immeuble existant ; exploiter les biens dont les associés sont propriétaires et qui auront été mis à sa disposition, par prise de participation dans d'autres sociétés, par acquisition d'usufruit et/ou de nue-propriété d'immeuble et/ou de parts sociales.",34154,Mauguio,34130,16522,43.5915,4.0128,Greffe du Tribunal de Commerce de Montpellier,,,L,Activites immobilieres,68.20B,NN,2026-09-15,https://www.bodacc.fr/pages/annonces-commerciales-detail/?q.id=id:A202601811542,2026-09-22
A202601811543,creation,creation,0,130076730,La Kaz,"la société a pour objet l'acquisition, la prise à bail, la gestion, la location et l'administration de tous biens mobiliers et immobiliers ; et toutes opérations financières, mobilières ou immobilières se rattachant directement ou indirectement à cet objet et susceptibles d'en favoriser la réalisation.",34088,Cournonterral,34660,7359,43.5712,3.7072,Greffe du Tribunal de Commerce de Montpellier,,,L,Activites immobilieres,68.20B,NN,2026-09-01,https://www.bodacc.fr/pages/annonces-commerciales-detail/?q.id=id:A202601811543,2026-09-22
A202601811544,creation,creation,0,130250665,Livori et Canet,"les services de conciergerie privée à destination des particuliers, sans prestation de ménage - les activités de producteurs ou d'organisateurs d'événements privés pour particuliers et entreprises - apporteur d'affaires et intermédiation commerciale, rémunérée par les clients ou les prestataires, à l'exclusion de tout courtage en assurance, de toute intermédiation en opérations de banque et de toute opération relevant de la loi n 70-9 du 2 janvier 1970, la société ne percevant aucun fonds pour le compte de tiers, ne réalisant elle-même aucune prestation de transport, d'hébergement ou de restauration et n'exerçant aucune activité relevant de l'article l. 211-1 du code du tourisme",34172,Montpellier,34000,310240,43.61,3.8742,Greffe du Tribunal de Commerce de Montpellier,,,S,Autres activites de services,96.09Z,NN,2026-09-18,https://www.bodacc.fr/pages/annonces-commerciales-detail/?q.id=id:A202601811544,2026-09-22
A202601811545,creation,creation,0,130137797,MASSILLAN PATRIMOINE,"- l'acquisition, la propriété (par voie d'apport ou autrement), la gestion et la vente (exceptionnelle) de toutes valeurs mobilières, parts sociales et droits sociaux en général ; - la prise de participation, sous quelque forme que ce soit, directement ou indirectement, notamment par voie de souscription, d'apport ou d'achat de titres sociaux, dans toutes sociétés ; - la mise en valeur, l'administration et l'exploitation, par location ou autrement, et la vente (exceptionnelle) de tous immeubles ou droits immobiliers dont elle pourrait devenir propriétaire, par voie d'apport, d'acquisition, d'échange ou autrement.",34309,Teyran,34820,4787,43.688,3.9258,Greffe du Tribunal de Commerce de Montpellier,,,L,Activites immobilieres,68.20B,NN,2026-09-14,https://www.bodacc.fr/pages/annonces-commerciales-detail/?q.id=id:A202601811545,2026-09-22
A202601811546,creation,creation,0,130142425,MDH,"l'acquisition d'un immeuble, l'administration et l'exploitation par bail, location ou autrement dudit immeuble et de tous autres immeubles bâtis dont elle pourrait devenir propriétaire ultérieurement, par voie d'acquisition, échange, apport ou autrement.",34127,Lansargues,34130,3233,43.6314,4.0789,Greffe du Tribunal de Commerce de Montpellier,,,L,Activites immobilieres,68.20B,NN,2026-09-15,https://www.bodacc.fr/pages/annonces-commerciales-detail/?q.id=id:A202601811546,2026-09-22
A202601811547,creation,creation,0,130182637,Maxine,"la société a pour objet, en france : le conseil en gestion de patrimoine, au sens le plus large, à destination des personnes physiques et morales. le conseil pour la gestion et les affaires le conseil en investissements financiers. le courtage en assurance. le courtage en opération de banque et services de paiement l'accompagnement patrimonial global, incluant la réalisation d'études, d'analyses, de bilans ainsi que de recommandations patrimoniales et l'intervention d'acteurs externes, dans une approche de type multi family office. les transactions sur immeubles et fonds de commerce sans encaissement de fonds, effets ou valeurs le conseil en matière de fusion et acquisitions de sociétés",34082,Combaillaux,34980,2001,43.6744,3.7847,Greffe du Tribunal de Commerce de Montpellier,,,M,"Activites specialisees, scientifiques et techniques",70.22Z,NN,2026-10-05,https://www.bodacc.fr/pages/annonces-commerciales-detail/?q.id=id:A202601811547,2026-09-22
A202601811548,creation,creation,0,130244577,NOVAPERF,"la coordination, l'organisation, la mise en place et le suivi de prestations de santé et de soins à domicile, notamment dans le domaine de la perfusion et des traitements associés, ainsi que l'accompagnement des patients et la coordination des différents intervenants de santé (professionnels de santé libéraux, établissements de santé, prestataires de services).",34270,Saint-Jean-de-Védas,34430,13328,43.5732,3.8329,Greffe du Tribunal de Commerce de Montpellier,,,Q,Sante humaine et action sociale,86.90D,NN,2026-09-16,https://www.bodacc.fr/pages/annonces-commerciales-detail/?q.id=id:A202601811548,2026-09-22
A202601811549,creation,creation,0,130252422,PARTHENAY,"location de logements : acquisition et mise en location nue, à usage d'habitation, d'un appartement et de son emplacement de stationnement situés 1 rue clément ader, 79200 parthenay, dont la société est propriétaire.",34057,Castelnau-le-Lez,34170,26058,43.6372,3.9113,Greffe du Tribunal de Commerce de Montpellier,,,L,Activites immobilieres,68.20B,NN,2026-09-15,https://www.bodacc.fr/pages/annonces-commerciales-detail/?q.id=id:A202601811549,2026-09-22
A202601811550,creation,creation,0,130147580,PESCA PIZZA,,34145,Lunel,34400,26623,43.678,4.1329,Greffe du Tribunal de Commerce de Montpellier,,,Z,Secteur non renseigne,00.00Z,NN,2026-09-01,https://www.bodacc.fr/pages/annonces-commerciales-detail/?q.id=id:A202601811550,2026-09-22
A202601811551,creation,creation,0,130154107,PLUS VERT,"la réalisation de tous travaux de paysagiste, création, d'aménagement et d'entretien d'espaces verts, de jardins et de parcs à l'exception de l'activité de conception ou de maîtrise d'oeuvre paysagère. l'achat, la vente et la location de végétaux, matériaux, matériels et fournitures nécessaires à l'exercice de cette activité. formation.",34327,Vendargues,34740,7262,43.6624,3.9657,Greffe du Tribunal de Commerce de Montpellier,,,N,Services administratifs et de soutien,81.30Z,NN,2026-09-16,https://www.bodacc.fr/pages/annonces-commerciales-detail/?q.id=id:A202601811551,2026-09-22
A202601811552,creation,creation,0,130248073,Qualys&Co,"activité de sous-location professionnelle, mise à disposition par location ou sous-location ou autres moyens d'appartements et de maisons, meublés ou non, de tourisme ou non, sans caractère ou avec caractère hôtelier ou para hôtelier; prise à bail d'immeubles; location ou sous-location meublée et gestion de biens immobiliers; acquisition de meubles, équipements, aménagements destinés à équiper les biens immobiliers; toutes activités de location, sous-location, de bureaux, salles, équipements. - activité de consulting dans le domaine communication auprès des entreprises.",34146,Lunel-Viel,34400,4507,43.6803,4.0821,Greffe du Tribunal de Commerce de Montpellier,,,L,Activites immobilieres,68.20B,NN,2026-09-10,https://www.bodacc.fr/pages/annonces-commerciales-detail/?q.id=id:A202601811552,2026-09-22
A202601811553,creation,creation,0,130092141,ROCRI,"l'acquisition de tous immeubles et de tous terrains ; la construction de tous immeubles, l'administration et l'exploitation, par location ou autrement des biens sus désignés, l'entretien et, éventuellement, l'aménagement de ces biens et généralement toutes opérations se rattachant directement ou indirectement à cet objet à la condition que ces opérations ne modifient pas le caractère essentiellement civil de la société.",34095,Fabrègues,34690,7447,43.5312,3.7737,Greffe du Tribunal de Commerce de Montpellier,,,L,Activites immobilieres,68.20B,NN,2026-09-03,https://www.bodacc.fr/pages/annonces-commerciales-detail/?q.id=id:A202601811553,2026-09-22
A202601811554,creation,creation,0,109651158,SCI LES BRO'S,acquisition et gestion locative,34172,Montpellier,34000,310240,43.61,3.8742,Greffe du Tribunal de Commerce de Montpellier,,,L,Activites immobilieres,68.20B,NN,2026-07-27,https://www.bodacc.fr/pages/annonces-commerciales-detail/?q.id=id:A202601811554,2026-09-22
A202601811555,creation,creation,0,130195118,SESAME France S.A.S.,"la conception, la programmation de logiciels, sites web et outils informatiques, ainsi que la gestion de projets y relatifs. - la création et l'hébergement de sites internet. - l'exploitation d'une marketplace (plateforme digitale de mise en relation) permettant aux professionnels et particuliers de publier, consulter et rechercher des annonces. - conseil et assistance aux entreprises dans les domaines du digital et des nouvelles technologies. - achat et vente de cryptomonnaies sur des plateformes spécialisées, incluant la spéculation et la gestion des portefeuilles numériques. - vente en ligne de produits digitaux : ebooks, guides, vidéos, templates. - promotion d'entreprises, produits ou services en ligne, via les réseaux sociaux, la publicité sur internet et le référencement sur les moteurs de recherche.",34172,Montpellier,34000,310240,43.61,3.8742,Greffe du Tribunal de Commerce de Montpellier,,,J,Information et communication,62.01Z,NN,2026-09-17,https://www.bodacc.fr/pages/annonces-commerciales-detail/?q.id=id:A202601811555,2026-09-22
A202601811556,creation,creation,0,130241490,YM,"commerce de détail de cigarettes électroniques, e-liquides, accessoires pour chicha, articles pour fumeurs et accessoires de vapotage.",34172,Montpellier,34070,310240,43.61,3.8742,Greffe du Tribunal de Commerce de Montpellier,,,G,"Commerce, reparation d'automobiles",47.78C,NN,2026-08-28,https://www.bodacc.fr/pages/annonces-commerciales-detail/?q.id=id:A202601811556,2026-09-22
A202601811557,creation,creation,0,109885822,Yugen Studio,"la conception, la production, la réalisation et la diffusion de publicités audiovisuelles, incluant les publicités vidéo destinées à la télévision, au cinéma, à internet ou à d'autres supports de diffusion, ainsi que les publicités audiovisuelles statiques telles que les bannières publicitaires et les publicités animées ; la conception, la création et la réalisation de projets audiovisuels et visuels, incluant la production de vidéos promotionnelles, de clips publicitaires, de vidéos institutionnelles, d'animations, de graphismes, d'illustrations et de tout contenu audiovisuel ou visuel à des fins commerciales ou de communication ; le conseil en stratégie de communication et en marketing, la conception, la mise en œuvre et le pilotage de campagnes et d'actions de marketing et de communication, sur tous supports et canaux, y compris numériques ; et, plus généralement, toutes opérations industrielles, commerciales, financières, mobilières ou immobilières, se rapportant directement ou indirectement à l'objet social ou susceptibles d'en faciliter l'extension ou le développement.",34172,Montpellier,34000,310240,43.61,3.8742,Greffe du Tribunal de Commerce de Montpellier,,,J,Information et communication,59.11B,NN,2026-09-15,https://www.bodacc.fr/pages/annonces-commerciales-detail/?q.id=id:A202601811557,2026-09-22
A202601811558,transfert,immatriculation,0,989051735,DIALIKA SHOP AFRO EXOTIQUE,épicerie africaine ( sans vente de boissons alcoolisées),34172,Montpellier,34070,310240,43.61,3.8742,Greffe du Tribunal de Commerce de Montpellier,,,G,"Commerce, reparation d'automobiles",47.11B,NN,2025-08-01,https://www.bodacc.fr/pages/annonces-commerciales-detail/?q.id=id:A202601811558,2026-09-22
A202601811559,transfert,immatriculation,0,943125096,12 DEGRES,"le conseil, l'audit et l'accompagnement stratégique des acteurs du secteur viti-vinicole ; la communication, le marketing, le design, la création de packaging et la stratégie digitale ; l'assistance à maîtrise d'ouvrage (amo) pour des projets immobiliers, de construction, de réhabilitation, d'aménagement ou d'équipements publics et privés ; le développement foncier, incluant l'étude, la valorisation, la reconversion et l'aménagement de sites, ainsi que le montage d'opérations immobilières ; le conseil en stratégie de valorisation foncière et études de faisabilité ; l'accompagnement stratégique commercial en france et à l'international. l'activité de négoce en gros, l'achat et la revente, par tous moyens et notamment par commerce électronique, de vins & spiritueux ;",34172,Montpellier,34000,310240,43.61,3.8742,Greffe du Tribunal de Commerce de Montpellier,,,M,"Activites specialisees, scientifiques et techniques",70.22Z,NN,2025-04-10,https://www.bodacc.fr/pages/annonces-commerciales-detail/?q.id=id:A202601811559,2026-09-22
B202601812186,radiation,radiation,1,989513692,A.M EXPRESS,"Livraisons de denrées alimentaires non réglementées, coursier - plombier entretien et réparation",34025,Bassan,34290,2383,43.4093,3.2563,Greffe du Tribunal de Commerce de Béziers,,,H,Transports et entreposage,53.20Z,NN,2025-07-22,https://www.bodacc.fr/pages/annonces-commerciales-detail/?q.id=id:B202601812186,2026-09-22
B202601812187,radiation,radiation,1,903885549,CALDARAS Viorel,"Vente de vêtements, accessoires de mode, appareils électroménagers et tous produits non alimentaires non réglementés",34032,Béziers,34500,81545,43.3481,3.2342,Greffe du Tribunal de Commerce de Béziers,,,G,"Commerce, reparation d'automobiles",47.89Z,NN,2021-10-05,https://www.bodacc.fr/pages/annonces-commerciales-detail/?q.id=id:B202601812187,2026-09-22
B202601812188,modification,modification,0,890517832,DIALLO Ibrahim,Travaux de charpente - Coursier Uber Eat.,34032,Béziers,34500,81545,43.3481,3.2342,Greffe du Tribunal de Commerce de Béziers,,,F,Construction,43.91A,NN,2020-11-05,https://www.bodacc.fr/pages/annonces-commerciales-detail/?q.id=id:B202601812188,2026-09-22
B202601812189,radiation,radiation,1,941057465,Au Monde D'Alex,"Massage Bien être - Achat revente de bijoux en axier inoxydable, maquillage et soins de beauté",34028,Bédarieux,34600,5804,43.6113,3.1637,Greffe du Tribunal de Commerce de Béziers,,,S,Autres activites de services,96.02B,NN,2025-03-01,https://www.bodacc.fr/pages/annonces-commerciales-detail/?q.id=id:B202601812189,2026-09-22
B202601812190,modification,modification,0,108253071,Repair & PainTed,Carrosserie peinture automobile a domicile et réparation et peinture d'objets d'intérieur et d'extérieur - Vente et reprise automobile Vo.,34191,Pailhès,34490,622,43.4386,3.1854,Greffe du Tribunal de Commerce de Béziers,,,G,"Commerce, reparation d'automobiles",45.20A,NN,2026-09-07,https://www.bodacc.fr/pages/annonces-commerciales-detail/?q.id=id:B202601812190,2026-09-22
B202601812191,radiation,radiation,1,440869576,KERDUEL Francoise,"CHOUCHOU,VETEMENT,LINGE DE MAISON,SOLDE EN TOUT GENRE,SANDWICH BOISSONS (AMBULANT) (PETITE LICENCE A EMPORTER)",34332,Vias,34450,5952,43.3091,3.3948,Greffe du Tribunal de Commerce de Béziers,,,G,"Commerce, reparation d'automobiles",47.89Z,NN,2002-02-08,https://www.bodacc.fr/pages/annonces-commerciales-detail/?q.id=id:B202601812191,2026-09-22
B202601812192,modification,modification,0,925211559,Bijou Vision,"Vente de lunettes de soleil et accessoires - rôtisserie traiteur Snacking - vente de boissons sans alcool - vente de bijoux et accessoires sans vente de métaux précieux - Vente de textiles, linge de maison, plaids, coussins, articles de décoration et accessoires.",34332,Vias,34450,5952,43.3091,3.3948,Greffe du Tribunal de Commerce de Béziers,,,G,"Commerce, reparation d'automobiles",47.89Z,NN,2024-04-27,https://www.bodacc.fr/pages/annonces-commerciales-detail/?q.id=id:B202601812192,2026-09-22
B202601812193,modification,modification,0,488272188,"LE ROY Sandra, Solange, Félicité","Vente de bijoux en pierres naturelles et accessoires. Activité de commerce de détail activité ambulante / non sédentaire sur marchés - Création et vente de bijoux artisanaux en pierres naturelles, objets de bien être et articles ésotériques, vente en ligne et sur marchés. - Vente au détail sur éventaires et marchés de vêtements, accessoires de mode, bijoux, pierres naturelles, objets de décoration, cadeaux, articles de bien-être, articles ésotériques, créations artisanales et divers produits non alimentaires. - Vente en ligne de vêtements, accessoires de mode, bijoux, pierres naturelles, objets de décoration, cadeaux, articles de bien-être, articles ésotériques, créations artisanales et divers produits non alimentaires.",34332,Vias,34450,5952,43.3091,3.3948,Greffe du Tribunal de Commerce de Béziers,,,G,"Commerce, reparation d'automobiles",47.89Z,NN,2006-01-01,https://www.bodacc.fr/pages/annonces-commerciales-detail/?q.id=id:B202601812193,2026-09-22
B202601812194,radiation,radiation,1,442592598,LOIZELET Joël,Vente de tous objets de collection : Philatélie cartes postales vieux papiers monnaies etc. sur internet,34324,Valras-Plage,34350,4432,43.2471,3.2909,Greffe du Tribunal de Commerce de Béziers,,,G,"Commerce, reparation d'automobiles",47.91A,NN,2002-07-01,https://www.bodacc.fr/pages/annonces-commerciales-detail/?q.id=id:B202601812194,2026-09-22
B202601812195,radiation,radiation,1,107034779,Soso food,Coursier à vélo,34032,Béziers,34500,81545,43.3481,3.2342,Greffe du Tribunal de Commerce de Béziers,,,H,Transports et entreposage,53.20Z,NN,2026-06-30,https://www.bodacc.fr/pages/annonces-commerciales-detail/?q.id=id:B202601812195,2026-09-22
B202601812196,radiation,radiation,1,510859440,La Malle aux Trésors,Vente de vêtements d'occasion et accessoires,34336,Villeneuve-lès-Béziers,34420,4500,43.3178,3.2909,Greffe du Tribunal de Commerce de Béziers,,,A,"Agriculture, sylviculture et peche",01.49Z,NN,2009-03-03,https://www.bodacc.fr/pages/annonces-commerciales-detail/?q.id=id:B202601812196,2026-09-22
B202601812197,radiation,radiation,1,817574940,RICCO Gisèle,"Alimentation, bazar, textiles, tous commerces alimentaires et non alimentaires",34298,Sauvian,34410,5608,43.2885,3.2541,Greffe du Tribunal de Commerce de Béziers,,,G,"Commerce, reparation d'automobiles",47.81Z,NN,2016-01-11,https://www.bodacc.fr/pages/annonces-commerciales-detail/?q.id=id:B202601812197,2026-09-22
B202601812198,modification,modification,0,102430246,ROUFFY Morgane,prothésiste ongulaire sans manucure - Vente de produits de beautés et boissons non alcoolisées,34032,Béziers,34500,81545,43.3481,3.2342,Greffe du Tribunal de Commerce de Béziers,,,S,Autres activites de services,96.02B,NN,2026-04-01,https://www.bodacc.fr/pages/annonces-commerciales-detail/?q.id=id:B202601812198,2026-09-22
B202601812199,radiation,radiation,1,943948885,bar à couscous,Vente de plats et boissons sans alcool.,34032,Béziers,34500,81545,43.3481,3.2342,Greffe du Tribunal de Commerce de Béziers,,,I,Hebergement et restauration,56.10C,NN,2025-05-01,https://www.bodacc.fr/pages/annonces-commerciales-detail/?q.id=id:B202601812199,2026-09-22
B202601812200,radiation,radiation,1,919983312,Les délices de Rosa,"Vente de brunch, de plateaux repas pour particuliers et professionnelles. Ventes sur les marchés de créations culinaires : cônes garnies de produits salés et sucrés, plateaux de fromages, charcuteries, fruits, pâtisseries et autre mets alimentaires.",34310,Thézan-lès-Béziers,34490,3124,43.4126,3.1593,Greffe du Tribunal de Commerce de Béziers,,,I,Hebergement et restauration,56.21Z,NN,2022-10-03,https://www.bodacc.fr/pages/annonces-commerciales-detail/?q.id=id:B202601812200,2026-09-22
B202601812201,modification,modification,0,985326685,AGDE CA,"l'exploitation, directe ou par voie de location, de tout fonds de commerce, de centres de soins minceurs et bien-être, de centres esthétiques et vente de produits et notamment de prestations utilisant la technologie de la lumière pulsée, d'épilations, de soins du corps et du visage, de manucure et de pose de prothèses ongulaires",34003,Agde,34300,29939,43.3084,3.4838,Greffe du Tribunal de Commerce de Béziers,,,S,Autres activites de services,96.02B,NN,2024-02-05,https://www.bodacc.fr/pages/annonces-commerciales-detail/?q.id=id:B202601812201,2026-09-22
B202601812202,transfert,modification,0,811768787,AMK PROMOTION,"Réalisation de toutes opérations immobilières, achat, vente, aménagement, viabilisation, construction, marchand de biens, promotion immobilière",34032,Béziers,34500,81545,43.3481,3.2342,Greffe du Tribunal de Commerce de Béziers,,,F,Construction,41.10A,NN,2015-05-22,https://www.bodacc.fr/pages/annonces-commerciales-detail/?q.id=id:B202601812202,2026-09-22
B202601812203,modification,modification,0,952739829,BV CREATIONS,"Conception, fabrication, entretien, réparation, pose, vente d'ouvrages métalliques",34155,Maureilhan,34370,2495,43.3517,3.0982,Greffe du Tribunal de Commerce de Béziers,,,F,Construction,43.32B,NN,2023-05-15,https://www.bodacc.fr/pages/annonces-commerciales-detail/?q.id=id:B202601812203,2026-09-22
B202601812204,transfert,modification,0,434609921,CANA,"Acquisition,construction,propriété de tous biens immobiliers",34139,Lieuran-lès-Béziers,34290,1486,43.4109,3.2324,Greffe du Tribunal de Commerce de Béziers,,,L,Activites immobilieres,68.20B,NN,2000-02-01,https://www.bodacc.fr/pages/annonces-commerciales-detail/?q.id=id:B202601812204,2026-09-22
B202601812205,modification,modification,0,931639991,COUDS-CI FIL-CA,"Création, confection, vente de prêt à porter, retouche de vêtements, création et vente d'accessoires de mode et de beauté, participation à des évènement en lien avec ces activités ainsi que toutes activités connexes, vente de tissus, vente d'objet d'art. Confection et vente en ligne de linge de maison. Conseil en beauté, réalisation de tresses africaines.",34003,Agde,34300,29939,43.3084,3.4838,Greffe du Tribunal de Commerce de Béziers,,,C,Industrie manufacturiere,14.13Z,NN,2024-07-30,https://www.bodacc.fr/pages/annonces-commerciales-detail/?q.id=id:B202601812205,2026-09-22
B202601812206,radiation,radiation,1,102936994,ENIDIA,Portage salarial,34032,Béziers,34500,81545,43.3481,3.2342,Greffe du Tribunal de Commerce de Béziers,,,N,Services administratifs et de soutien,82.99Z,NN,2026-03-25,https://www.bodacc.fr/pages/annonces-commerciales-detail/?q.id=id:B202601812206,2026-09-22
B202601812207,modification,modification,0,942870718,F.A.R.,"Prestations de services dans les domaines du marketing, commercial, technique de vente à destination de toute entreprise, le cas échéant faisant partie d'un réseau de franchises.",34032,Béziers,34500,81545,43.3481,3.2342,Greffe du Tribunal de Commerce de Béziers,,,M,"Activites specialisees, scientifiques et techniques",73.11Z,NN,2025-04-02,https://www.bodacc.fr/pages/annonces-commerciales-detail/?q.id=id:B202601812207,2026-09-22
B202601812208,modification,modification,0,951357284,FAMA RENOV',"Prestations de service, dans le cadre du suivi et de l'accompagnement de chantiers immobiliers. Marchand de biens",34003,Agde,34300,29939,43.3084,3.4838,Greffe du Tribunal de Commerce de Béziers,,,M,"Activites specialisees, scientifiques et techniques",74.90A,NN,2023-04-04,https://www.bodacc.fr/pages/annonces-commerciales-detail/?q.id=id:B202601812208,2026-09-22
B202601812209,modification,modification,0,424999209,FRETEL,,34031,Bessan,34550,5838,43.3566,3.4141,Greffe du Tribunal de Commerce de Béziers,,,M,"Activites specialisees, scientifiques et techniques",71.20A,NN,1999-10-23,https://www.bodacc.fr/pages/annonces-commerciales-detail/?q.id=id:B202601812209,2026-09-22
B202601812210,modification,modification,0,448775932,GROUPE STER SANTE,Holding animatrice du groupe Ster,34126,Lamalou-les-Bains,34240,2389,43.5982,3.0847,Greffe du Tribunal de Commerce de Béziers,,,M,"Activites specialisees, scientifiques et techniques",70.10Z,02,2003-05-06,https://www.bodacc.fr/pages/annonces-commerciales-detail/?q.id=id:B202601812210,2026-09-22
B202601812211,modification,modification,0,488856600,HOLDING JCM,"La Société a pour objet, en France et à l'étranger : - La prise de participations, sous quelque forme que ce soit, dans toutes sociétés, entreprises ou entités, françaises ou étrangères ; - La définition, l'élaboration et la mise en œuvre de la stratégie du groupe constitué avec les sociétés et entités dans lesquelles elle détient, directement ou indirectement, une participation ; - L'animation, la direction, la supervision, la coordination et le contrôle des sociétés et entités du groupe, notamment dans les domaines administratif, financier, comptable, juridique, commercial, opérationnel, informatique, des ressources humaines et de la gestion ; - L'exercice de fonctions de direction générale, de direction stratégique et de contrôle opérationnel au profit des sociétés et entités du groupe ; - La fourniture aux sociétés et entités du groupe de prestations de services et d'assistance en matière de gestion, d'administration, de planification stratégique et organisationnelle, de contrôle de gestion, de politique financière, de ressources humaines, de développement commercial, de marketing, de systèmes d'information et d'organisation ; - La centralisation et la coordination de certaines fonctions administratives, financières, comptables, juridiques, informatiques, commerciales et de gestion au bénéfice des sociétés et entités du groupe ; - La définition des orientations générales du groupe, le suivi de leur mise en œuvre et l'évaluation de la performance des sociétés et entités qui le composent ; - La participation à la définition des politiques et procédures communes du groupe ainsi qu'à leur déploiement et à leur contrôle ; - La réalisation de toutes opérations de trésorerie, de financement et de gestion financière avec les sociétés et entités du groupe, dans les conditions et limites prévues par la législation applicable ; - Et, plus généralement, toutes opérations commerciales, industrielles, financières, mobilières ou immobilières se rapportant directement ou indirectement à l'objet social ou susceptibles d'en favoriser la réalisation, à condition qu'elles ne modifient pas le caractère principal de l'activité de la Société. La Société pourra exercer les fonctions de siège social, de siège administratif ou de société animatrice du groupe et assurer, directement ou indirectement, la gestion et la coordination des sociétés et entités qui lui sont rattachées.",34162,Montagnac,34530,4515,43.4709,3.5067,Greffe du Tribunal de Commerce de Béziers,,,M,"Activites specialisees, scientifiques et techniques",70.10Z,11,2006-02-17,https://www.bodacc.fr/pages/annonces-commerciales-detail/?q.id=id:B202601812211,2026-09-22
B202601812212,modification,modification,0,440290708,HOLDING L P A,"Toutes activités de promotion immobilière, au sens des articles 1831-1 et suivants du code civil. L'aménagement foncier et toutes opérations de lotissement ; la gestion des opérations et leurs commercialisations ; à titre accessoire, l'activité de marchand de biens pourvu que cette activité ne soit destinée qu'à faciliter la réalisation des opérations de promotion immobilière et d'aménagement ; la prestation de support dans l'accompagnement de son groupe",34032,Béziers,34500,81545,43.3481,3.2342,Greffe du Tribunal de Commerce de Béziers,,,M,"Activites specialisees, scientifiques et techniques",70.10Z,12,2001-12-17,https://www.bodacc.fr/pages/annonces-commerciales-detail/?q.id=id:B202601812212,2026-09-22
B202601812213,modification,modification,0,932234545,IBANEZ,"Papeterie, bimbeloterie, confiserie, dépôt de pain, point loto, dépôt presse, auquel est attaché la gérance d'un débit de tabac",34148,Maraussan,34370,4789,43.3733,3.154,Greffe du Tribunal de Commerce de Béziers,,,G,"Commerce, reparation d'automobiles",47.62Z,NN,2024-06-17,https://www.bodacc.fr/pages/annonces-commerciales-detail/?q.id=id:B202601812213,2026-09-22
B202601812214,transfert,modification,0,889640371,JARDIN PRIVE DU BORD DE MER,"Acquisition, prise à bail en vue de leur gestion, location et administration de tous biens immobiliers",34003,Agde,34300,29939,43.3084,3.4838,Greffe du Tribunal de Commerce de Béziers,,,L,Activites immobilieres,68.20B,NN,2020-09-28,https://www.bodacc.fr/pages/annonces-commerciales-detail/?q.id=id:B202601812214,2026-09-22
B202601812215,radiation,radiation,1,101682151,KLN ENTREPRISE,"Restauration rapide, Repas sur place ou à emporter, livraison de repas, traiteur",34003,Agde,34300,29939,43.3084,3.4838,Greffe du Tribunal de Commerce de Béziers,,,I,Hebergement et restauration,56.10C,NN,2026-03-01,https://www.bodacc.fr/pages/annonces-commerciales-detail/?q.id=id:B202601812215,2026-09-22
B202601812216,transfert,modification,0,931115984,L'ABEOURADOU,"La réalisation directement ou indirectement de toutes opérations immobilières, achat, vente, aménagement foncier, réhabilitation, promotion, l'acquisition de tous terrains, la construction sur ces terrains, ou sur tous autres, de tous immeubles, l'achat et la viabilisation de terrains en vue de les revendre, et plus généralement toutes opérations de lotissement ; toutes opérations de marchand de biens,toutes études d'urbanisme, études techniques de conception et d'exécution, les études administratives et financières de toutes opérations immobilières, tant d'aménagement foncier que de construction, la commercialisation et la gestion des propres opérations immobilières de la société, l'étude, la création, la mise en valeur, l'exploitation, la direction, la gérance, la régie, l'organisation, la coordination, le financement, le contrôle de toutes affaires ou entreprises commerciales se rattachant à l'aménagement foncier et à la construction et à toutes entreprises complémentaires dérivées ou connexes.",34032,Béziers,34500,81545,43.3481,3.2342,Greffe du Tribunal de Commerce de Béziers,,,F,Construction,41.10A,NN,2024-07-15,https://www.bodacc.fr/pages/annonces-commerciales-detail/?q.id=id:B202601812216,2026-09-22
B202601812217,modification,modification,0,430046177,LE BENSON,"Papeterie, articles de fumeurs, bazar, bimbeloterie, photo, vidéo, dépôt de presse, débit de tabacs, loto.",34150,Marseillan,34340,8414,43.3543,3.556,Greffe du Tribunal de Commerce de Béziers,,,G,"Commerce, reparation d'automobiles",47.26Z,00,2000-04-16,https://www.bodacc.fr/pages/annonces-commerciales-detail/?q.id=id:B202601812217,2026-09-22
B202601812218,modification,modification,0,989140181,Maison de santé pluriprofessionnelle du Pays de Thongue,"Mise en commun de moyens pour faciliter l'exercice de l'activité professionnelle de ses associés exerçant en ambulatoire. Organiser la prise en charge coordonnée des patients afin d'améliorer leur qualité de vie et les soins qui leur sont fournis. Exercice en commun par ses associés d'activités de coordination thérapeutique d'éducation thérapeutique, de coopération entre les professionnels de santé ou de parcours coordonnés renforcés. Salariat de professionnels de santé exerçant des activités de soins de premier et second recours. Plus généralement, la société peut accomplir toutes les opérations qui se rattachent directement ou indirectement à son objet social, sans altérer le caractère civil et professionnel de celui-ci.",34166,Montblanc,34290,2932,43.3775,3.3569,Greffe du Tribunal de Commerce de Béziers,,,Q,Sante humaine et action sociale,86.21Z,NN,2025-06-30,https://www.bodacc.fr/pages/annonces-commerciales-detail/?q.id=id:B202601812218,2026-09-22
B202601812219,transfert,modification,0,984870667,NEW ANGELOTTI AMENAGEMENT,"Toutes activités liées à l'aménagement foncier et aux lotissements ; la gestion des opérations d'aménagement et de lotissement et leur commercialisation ; à titre accessoire, l'activité de marchand de biens, pourvu que cette activité ne soit destinée qu'à faciliter la réalisation des opérations d'aménagement et de lotissements ; à titre accessoire, les activités de promotion immobilière, au sens des articles 1831-1 et suivants du code civil, pourvu que celles-ci ne soient destinées qu'à faciliter la réalisation d'opérations immobilières pouvant se rattacher à l'objet social ou à tout objet similaire ou connexe et susceptibles d'en faciliter l'extension ou le développement ; la participation de la Société, par tous moyens, directement ou indirectement, dans toutes opérations pouvant se rattacher à son objet par voie de création de sociétés nouvelles, d'apport, de souscription ou d'achat de titres ou droits sociaux, de fusion ou autrement",34032,Béziers,34500,81545,43.3481,3.2342,Greffe du Tribunal de Commerce de Béziers,,,F,Construction,41.10C,NN,2024-02-15,https://www.bodacc.fr/pages/annonces-commerciales-detail/?q.id=id:B202601812219,2026-09-22
B202601812220,modification,modification,0,797619756,OENOTERROIR,"Commercialisation, négoce national, international de vins et spiritueux, boissons, produits viticoles et agricoles, toutes prestations de service se rattachant à la commercialisation et au négoce de vins et spiritueux, de boissons, de produits viticoles et agricoles, agent commercial.",34052,Capestang,34310,3514,43.3184,3.0501,Greffe du Tribunal de Commerce de Béziers,,,G,"Commerce, reparation d'automobiles",46.34Z,NN,2013-10-01,https://www.bodacc.fr/pages/annonces-commerciales-detail/?q.id=id:B202601812220,2026-09-22
B202601812221,radiation,radiation,1,938430725,Objectif Laser,,34032,Béziers,34500,81545,43.3481,3.2342,Greffe du Tribunal de Commerce de Béziers,,,S,Autres activites de services,96.09Z,NN,2024-11-28,https://www.bodacc.fr/pages/annonces-commerciales-detail/?q.id=id:B202601812221,2026-09-22
B202601812222,modification,modification,0,934086877,PROJETBAT34,Maçonnerie générale - travaux etancheite,34032,Béziers,34500,81545,43.3481,3.2342,Greffe du Tribunal de Commerce de Béziers,,,F,Construction,43.99A,NN,2024-10-10,https://www.bodacc.fr/pages/annonces-commerciales-detail/?q.id=id:B202601812222,2026-09-22
B202601812223,modification,modification,0,410273106,Riwald Recycling Occitanie,"Récupération de produits divers, enlèvement de déchets et tous autres matériels, location de benne",34310,Thézan-lès-Béziers,34490,3124,43.4126,3.1593,Greffe du Tribunal de Commerce de Béziers,,,E,"Eau, assainissement, dechets",38.32Z,03,1997-01-01,https://www.bodacc.fr/pages/annonces-commerciales-detail/?q.id=id:B202601812223,2026-09-22
B202601812224,transfert,modification,0,539332932,SAINT NAZAIRE AMENAGEMENT,Réalisation directement ou indirectement de toutes opérations immobilières achat vente aménagement foncier réhabilitation promotion acquisition de tous terrains construction sur ces terrains ou sur tous autres de tous immeubles achat et viabilisation de terrains,34032,Béziers,34500,81545,43.3481,3.2342,Greffe du Tribunal de Commerce de Béziers,,,F,Construction,41.10A,NN,2012-01-13,https://www.bodacc.fr/pages/annonces-commerciales-detail/?q.id=id:B202601812224,2026-09-22
B202601812225,modification,modification,0,521439927,SANTE BIO EUROPE,Achat en vue de la revente notamment par internet import-export de tous biens et produits touchant au confort et à l'hygiène des personnes et à l habitat des cosmétiques naturels et compléments alimentaires conseil et formation concernant l utilisation des biens et produits ci-dessus mentionnés toutes activités d' entreprise de presse production d' audiovisuelle photos et vidéos d'entreprises et publicitaires d'Information sur supports et tous graphiques,34329,Vendres,34350,2616,43.2569,3.2304,Greffe du Tribunal de Commerce de Béziers,,,G,"Commerce, reparation d'automobiles",47.91A,01,2010-03-26,https://www.bodacc.fr/pages/annonces-commerciales-detail/?q.id=id:B202601812225,2026-09-22
B202601812226,radiation,radiation,1,480577949,SCI C.R.C,"Acquisition, construction, mise en valeur, administration, exploitation et location d'immeuble ou de droits immobiliers.",34310,Thézan-lès-Béziers,34490,3124,43.4126,3.1593,Greffe du Tribunal de Commerce de Béziers,,,L,Activites immobilieres,68.20B,NN,2005-01-15,https://www.bodacc.fr/pages/annonces-commerciales-detail/?q.id=id:B202601812226,2026-09-22
B202601812227,modification,modification,0,922713359,SCI DU CAYRONET,"L'acquisition, l'apport, la propriété, la mise en valeur, la transformation, la construction, l'aménagement, l'administration, la location et la vente de tous biens et droits immobiliers",34184,Nizas,34320,662,43.5127,3.4167,Greffe du Tribunal de Commerce de Béziers,,,L,Activites immobilieres,68.20B,NN,2022-12-20,https://www.bodacc.fr/pages/annonces-commerciales-detail/?q.id=id:B202601812227,2026-09-22
B202601812228,modification,modification,0,776078172,SOCIETE COOPERATIVE AGRICOLE LE MUSCAT DE ST JEAN DE MINERVOIS,Vinification des récoltes livrées par les associés et vente de vins,34269,Saint-Jean-de-Minervois,34360,131,43.4051,2.8187,Greffe du Tribunal de Commerce de Béziers,,,C,Industrie manufacturiere,11.02B,03,1951-10-02,https://www.bodacc.fr/pages/annonces-commerciales-detail/?q.id=id:B202601812228,2026-09-22
B202601812229,radiation,radiation,1,339850224,SOCIETE COOPERATIVE D'UTILISATION DE MATERIEL AGRICOLE LE VIGNERON,,34162,Montagnac,34530,4515,43.4709,3.5067,Greffe du Tribunal de Commerce de Béziers,,,A,"Agriculture, sylviculture et peche",01.61Z,NN,1986-01-05,https://www.bodacc.fr/pages/annonces-commerciales-detail/?q.id=id:B202601812229,2026-09-22
B202601812230,modification,modification,0,789348711,UNITECK SARL,"Conception, fabrication et commercialisation de produits liés à l'énergie électrique - activité de négoce",34161,Montady,34310,3990,43.3277,3.1177,Greffe du Tribunal de Commerce de Béziers,,,C,Industrie manufacturiere,27.90Z,NN,2012-11-01,https://www.bodacc.fr/pages/annonces-commerciales-detail/?q.id=id:B202601812230,2026-09-22
B202601812231,radiation,radiation,1,837881044,SHIZEN NO SHIRO,,,,,,,,Greffe du Tribunal de Commerce de Béziers,,,Z,Secteur non renseigne,00.00Z,NN,2018-02-25,https://www.bodacc.fr/pages/annonces-commerciales-detail/?q.id=id:B202601812231,2026-09-22
B202601812232,radiation,radiation,1,834674285,BENDJEMMALI Farid,Vente de poissons (sans transformation) et tous produits alimentaires issus de la mer en clientèle et à titre ambulant,34108,Frontignan,34110,24136,43.4486,3.7493,Greffe du Tribunal de Commerce de Montpellier,,,G,"Commerce, reparation d'automobiles",47.23Z,NN,2018-01-16,https://www.bodacc.fr/pages/annonces-commerciales-detail/?q.id=id:B202601812232,2026-09-22
B202601812233,radiation,radiation,1,995393527,DA COSTA MORO Alex,"Livraison de repas à domicile à vélo électrique via plateformes numériques (Uber Eats, Deliveroo, Stuart) dans Montpellier et environs.",34123,Juvignac,34990,14055,43.6173,3.7908,Greffe du Tribunal de Commerce de Montpellier,,,H,Transports et entreposage,53.20Z,NN,2025-12-18,https://www.bodacc.fr/pages/annonces-commerciales-detail/?q.id=id:B202601812233,2026-09-22
B202601812234,radiation,radiation,1,811346386,Fou d'Afrique,fabrication et vente de plats et jus faits maison,34301,Sète,34200,45337,43.3844,3.6441,Greffe du Tribunal de Commerce de Montpellier,,,I,Hebergement et restauration,56.10C,NN,2015-02-03,https://www.bodacc.fr/pages/annonces-commerciales-detail/?q.id=id:B202601812234,2026-09-22
B202601812235,radiation,radiation,1,989831904,Al Kefaji,Vente sur les marchés de produits alimentaires sans alcool,34172,Montpellier,34000,310240,43.61,3.8742,Greffe du Tribunal de Commerce de Montpellier,,,G,"Commerce, reparation d'automobiles",47.81Z,NN,2025-07-30,https://www.bodacc.fr/pages/annonces-commerciales-detail/?q.id=id:B202601812235,2026-09-22
B202601812236,radiation,radiation,1,107413809,"Escassut Lucie, Marie, Emilie","Commerce de détail en ligne consistant en l'achat, l'importation et la revente de vêtements, chaussures, accessoires de mode et articles de maroquinerie, neufs et d'occasion, via des plateformes de vente en ligne et un site internet.",34172,Montpellier,34070,310240,43.61,3.8742,Greffe du Tribunal de Commerce de Montpellier,,,G,"Commerce, reparation d'automobiles",47.91B,NN,2026-07-08,https://www.bodacc.fr/pages/annonces-commerciales-detail/?q.id=id:B202601812236,2026-09-22
B202601812237,radiation,radiation,1,884281494,WARREN ECOM,"La vente et le commerce en ligne de chaussures, textiles et accessoires de mode, vêtements, équipements et accessoires de sport, Accessoire pour femmes, sous vetements pour femmes, exclusivement neufs",34113,Gigean,34770,6639,43.4953,3.7242,Greffe du Tribunal de Commerce de Montpellier,,,G,"Commerce, reparation d'automobiles",47.91B,NN,2020-06-12,https://www.bodacc.fr/pages/annonces-commerciales-detail/?q.id=id:B202601812237,2026-09-22
B202601812238,radiation,radiation,1,521979518,MECANIQUE EXPRESS 34,Mécanique auto et revente de véhicules,34172,Montpellier,34070,310240,43.61,3.8742,Greffe du Tribunal de Commerce de Montpellier,,,G,"Commerce, reparation d'automobiles",45.20A,NN,2010-04-20,https://www.bodacc.fr/pages/annonces-commerciales-detail/?q.id=id:B202601812238,2026-09-22
B202601812239,radiation,radiation,1,338529928,CAFE DE LA GARE,Café débit de boissons,34079,Clermont-l'Hérault,34800,9461,43.6323,3.4017,Greffe du Tribunal de Commerce de Montpellier,,,L,Activites immobilieres,68.20B,NN,1986-07-01,https://www.bodacc.fr/pages/annonces-commerciales-detail/?q.id=id:B202601812239,2026-09-22
B202601812240,modification,modification,0,935176172,sodrive,"Livreur de colis et transport léger pour le compte d'un tiers. - Achat et revente au détail de biens neufs et d'occasion, notamment vêtements, chaussures, accessoires, produits électroniques, articles de maison, loisirs et objets divers, principalement par internet et plateformes de vente en ligne.",34172,Montpellier,34070,310240,43.61,3.8742,Greffe du Tribunal de Commerce de Montpellier,,,H,Transports et entreposage,53.20Z,NN,2024-11-18,https://www.bodacc.fr/pages/annonces-commerciales-detail/?q.id=id:B202601812240,2026-09-22
B202601812241,radiation,radiation,1,910866060,HAMAIDI Hamid,coursier A vélo,34172,Montpellier,34000,310240,43.61,3.8742,Greffe du Tribunal de Commerce de Montpellier,,,H,Transports et entreposage,53.20Z,NN,2022-03-01,https://www.bodacc.fr/pages/annonces-commerciales-detail/?q.id=id:B202601812241,2026-09-22
B202601812242,radiation,radiation,1,504621905,HOURS ESCORTING,convoyage de tous véhicules sans transport de passagers et de marchandises. Tous services de chauffeur indépendant sur toutes catégories de véhicules,34057,Castelnau-le-Lez,34170,26058,43.6372,3.9113,Greffe du Tribunal de Commerce de Montpellier,,,H,Transports et entreposage,49.41A,NN,2008-06-02,https://www.bodacc.fr/pages/annonces-commerciales-detail/?q.id=id:B202601812242,2026-09-22
B202601812243,modification,modification,0,933272676,Vanakeia,"Activité de cheffe cuisinière nomade , spécialisée en cuisine végétarienne, proposant repas, ateliers culinaires et prestations évènementielles. - Prestation de services en organisation et coordination d'événements (séminaires, team buildings, retraites, colivings, festivals) pour entreprises et particuliers. Animation et facilitation sur site. Conseil en communication événementielle.",34280,Saint-Nazaire-de-Pézan,34400,625,43.6348,4.1177,Greffe du Tribunal de Commerce de Montpellier,,,M,"Activites specialisees, scientifiques et techniques",70.22Z,NN,2024-09-20,https://www.bodacc.fr/pages/annonces-commerciales-detail/?q.id=id:B202601812243,2026-09-22
B202601812244,modification,modification,0,933272676,Alma Com',"Activité de cheffe cuisinière nomade , spécialisée en cuisine végétarienne, proposant repas, ateliers culinaires et prestations évènementielles. - Prestation de services en organisation et coordination d'événements (séminaires, team buildings, retraites, colivings, festivals) pour entreprises et particuliers. Animation et facilitation sur site. Conseil en communication événementielle.",34280,Saint-Nazaire-de-Pézan,34400,625,43.6348,4.1177,Greffe du Tribunal de Commerce de Montpellier,,,M,"Activites specialisees, scientifiques et techniques",70.22Z,NN,2024-09-20,https://www.bodacc.fr/pages/annonces-commerciales-detail/?q.id=id:B202601812244,2026-09-22
B202601812245,modification,modification,0,523138915,Mel couvert,"Préparation et livraison de repas à domicile ou en entreprise, sans service à table, sans point de vente physique ni consommation sur place - Vente à distance et en ligne de vêtements, t-shirts et accessoires textiles personnalisés en impression à la demande (Pod), sans stockage physique de marchandise ni accueil du public",34129,Lattes,34970,17351,43.567,3.899,Greffe du Tribunal de Commerce de Montpellier,,,I,Hebergement et restauration,56.21Z,NN,2010-06-05,https://www.bodacc.fr/pages/annonces-commerciales-detail/?q.id=id:B202601812245,2026-09-22
B202601812246,transfert,modification,0,911938272,AJ AJ INFORMATIQUE 34,"Vente de composants, accessoires et matériel informatique directement chez les particuliers sans local commercial hors activité ambulante",34244,Saint-Brès,34670,3623,43.6656,4.0377,Greffe du Tribunal de Commerce de Montpellier,,,S,Autres activites de services,95.11Z,NN,2022-03-08,https://www.bodacc.fr/pages/annonces-commerciales-detail/?q.id=id:B202601812246,2026-09-22
B202601812247,radiation,radiation,1,848439402,"KOUASSI Kouassi, Mamadou",Livraison de repas à domicile à vélo.,34123,Juvignac,34990,14055,43.6173,3.7908,Greffe du Tribunal de Commerce de Montpellier,,,J,Information et communication,62.02A,NN,2019-03-01,https://www.bodacc.fr/pages/annonces-commerciales-detail/?q.id=id:B202601812247,2026-09-22
B202601812248,modification,modification,0,941844151,La Caverne des Merveilles,"""prestation de services logistiques pour salons et foires professionnelles : réception, coordination et mise en place de stands d'exposition selon configuration fournie par le client, incluant l'assemblage d'éléments modulaires préfabriqués et la pose d'habillages décoratifs. Intervention ponctuelle sur sites événementiels temporaires, sans activité de construction ni de fabrication.",34116,Grabels,34790,9092,43.6503,3.7894,Greffe du Tribunal de Commerce de Montpellier,,,G,"Commerce, reparation d'automobiles",47.91B,NN,2025-03-03,https://www.bodacc.fr/pages/annonces-commerciales-detail/?q.id=id:B202601812248,2026-09-22
B202601812249,radiation,radiation,1,102044732,LEMPEREUR Enzo,"Coursier livraison à domicile sans véhicule motorisé; transport et livraison de courses, de marchandises avec un véhicule non motorisé",34022,Baillargues,34670,7829,43.6565,4.0102,Greffe du Tribunal de Commerce de Montpellier,,,H,Transports et entreposage,53.20Z,NN,2026-03-09,https://www.bodacc.fr/pages/annonces-commerciales-detail/?q.id=id:B202601812249,2026-09-22
B202601812250,modification,modification,0,902095488,PETIT TRIP,"transport de voyageurs par véhicules à traction humaine, circuits touristiques et Actvités de loisirs, coursier à vélo (sans la nécessité de l'autorisation de la Dreal) Vente de bijoux fantaisie en ligne. - transport de voyageurs par véhicules à traction humaine, circuits touristiques et Actvités de loisirs, coursier à vélo (sans la nécessité de l'autorisation de la Dreal) Vente de bijoux fantaisie en ligne. - autres transports routiers, création de bijoux fantaisies - Création et exploitation d'un site internet communautaire proposant des sorties, activités et rencontres entre membres avec accès par abonnement payant",34057,Castelnau-le-Lez,34170,26058,43.6372,3.9113,Greffe du Tribunal de Commerce de Montpellier,,,H,Transports et entreposage,49.39B,NN,2021-08-05,https://www.bodacc.fr/pages/annonces-commerciales-detail/?q.id=id:B202601812250,2026-09-22
B202601812251,radiation,radiation,1,513566612,le fournil du soleil,boulangerie - pâtisserie.,34172,Montpellier,34000,310240,43.61,3.8742,Greffe du Tribunal de Commerce de Montpellier,,,C,Industrie manufacturiere,10.71C,02,2009-07-01,https://www.bodacc.fr/pages/annonces-commerciales-detail/?q.id=id:B202601812251,2026-09-22
B202601812252,transfert,modification,0,524086352,LUCIE MILESI EVENTS,"Restauration rapide à emporter (sans vente d'alcool), vente d'articles de Paris.",34239,Saint-André-de-Sangonis,34725,6427,43.6492,3.5056,Greffe du Tribunal de Commerce de Montpellier,,,I,Hebergement et restauration,56.10C,NN,2010-07-27,https://www.bodacc.fr/pages/annonces-commerciales-detail/?q.id=id:B202601812252,2026-09-22
B202601812253,radiation,radiation,1,919425736,NEDJAI Noues,Livraison de repas à domicile à vélo,34123,Juvignac,34990,14055,43.6173,3.7908,Greffe du Tribunal de Commerce de Montpellier,,,H,Transports et entreposage,53.20Z,NN,2022-09-21,https://www.bodacc.fr/pages/annonces-commerciales-detail/?q.id=id:B202601812253,2026-09-22
B202601812254,modification,modification,0,983567868,Nozerand Romain,achat/revente de marchandise sur internet - livreur de repas,34172,Montpellier,34070,310240,43.61,3.8742,Greffe du Tribunal de Commerce de Montpellier,,,G,"Commerce, reparation d'automobiles",47.91A,NN,2024-01-16,https://www.bodacc.fr/pages/annonces-commerciales-detail/?q.id=id:B202601812254,2026-09-22
B202601812255,radiation,radiation,1,905050365,ACHOUR MECA,"Réparation automobile, vente pièces neuves et occasion.",34327,Vendargues,34740,7262,43.6624,3.9657,Greffe du Tribunal de Commerce de Montpellier,,,G,"Commerce, reparation d'automobiles",45.20A,NN,2021-10-04,https://www.bodacc.fr/pages/annonces-commerciales-detail/?q.id=id:B202601812255,2026-09-22
B202601812256,radiation,radiation,1,440546133,PINEL Johanna,Alimentation générale épicerie dépôt pain vente bouteilles gaz plats à emporter ventes boissons sandwichs sans consommation sur place,34013,Aspiran,34800,1672,43.5654,3.4499,Greffe du Tribunal de Commerce de Montpellier,,,G,"Commerce, reparation d'automobiles",47.11B,NN,2002-01-02,https://www.bodacc.fr/pages/annonces-commerciales-detail/?q.id=id:B202601812256,2026-09-22
B202601812257,modification,modification,0,801241779,Philibert Celina,"Vente de snacking, sucré salé, boissons non alcoolisées sur les fêtes foraines, les zones commerciales, les marchés et les marchés de Noël. - Foires, marchés, déballage non sédentaire, gallerie magasin, fete foraine - Vente sur internet de produits non réglementé - Prestation en pyrotechnie",34090,Le Crès,34920,9226,43.6513,3.9343,Greffe du Tribunal de Commerce de Montpellier,,,G,"Commerce, reparation d'automobiles",47.81Z,NN,2014-04-15,https://www.bodacc.fr/pages/annonces-commerciales-detail/?q.id=id:B202601812257,2026-09-22
B202601812258,modification,modification,0,898275037,Madame N,"Achat vente produits cosmétiques, produits hygiène corporelle, bijoux, vêtements. - Vente et location matériels et décoration de mariage. Vente et location, robe de mariée et vêtements marié.",34172,Montpellier,34080,310240,43.61,3.8742,Greffe du Tribunal de Commerce de Montpellier,,,G,"Commerce, reparation d'automobiles",47.91B,NN,2021-04-14,https://www.bodacc.fr/pages/annonces-commerciales-detail/?q.id=id:B202601812258,2026-09-22
B202601812259,transfert,modification,0,893491563,SAAD ENNAJI Lekbir,"Entreprise de travaux, de création, de restauration et d'entretien de parcs et jardins. Tous travaux agricoles.",34145,Lunel,34400,26623,43.678,4.1329,Greffe du Tribunal de Commerce de Montpellier,,,N,Services administratifs et de soutien,81.30Z,NN,2021-02-01,https://www.bodacc.fr/pages/annonces-commerciales-detail/?q.id=id:B202601812259,2026-09-22
B202601812260,radiation,radiation,1,501158877,SADDIK BAZAR,"vente de produits de décoration A destination de la maison, autres produits",34123,Juvignac,34990,14055,43.6173,3.7908,Greffe du Tribunal de Commerce de Montpellier,,,G,"Commerce, reparation d'automobiles",47.89Z,NN,2007-12-03,https://www.bodacc.fr/pages/annonces-commerciales-detail/?q.id=id:B202601812260,2026-09-22
B202601812261,radiation,radiation,1,813473048,A CHACUN SES CHAUSSONS!,Achat et vente de chaussons en cuir au détail,34172,Montpellier,34090,310240,43.61,3.8742,Greffe du Tribunal de Commerce de Montpellier,,,G,"Commerce, reparation d'automobiles",47.99B,NN,2015-09-09,https://www.bodacc.fr/pages/annonces-commerciales-detail/?q.id=id:B202601812261,2026-09-22
B202601812262,modification,modification,0,939511507,LeSiteArtisan,Vente de vêtements et chaussures,34172,Montpellier,34090,310240,43.61,3.8742,Greffe du Tribunal de Commerce de Montpellier,,,J,Information et communication,62.01Z,NN,2025-01-09,https://www.bodacc.fr/pages/annonces-commerciales-detail/?q.id=id:B202601812262,2026-09-22
B202601812263,radiation,radiation,1,889212056,Souilhat Margo,livraison de repas à domicile,34172,Montpellier,34090,310240,43.61,3.8742,Greffe du Tribunal de Commerce de Montpellier,,,I,Hebergement et restauration,56.10A,NN,2020-06-29,https://www.bodacc.fr/pages/annonces-commerciales-detail/?q.id=id:B202601812263,2026-09-22
B202601812264,radiation,radiation,1,982373987,"TIFFY Bastien, Serge","conception de sites Web ; programmation informatique (développement d'applications, de logiciels, de solutions et de jeux)",34159,Mireval,34110,3301,43.5158,3.8022,Greffe du Tribunal de Commerce de Montpellier,,,J,Information et communication,62.02A,NN,2023-12-01,https://www.bodacc.fr/pages/annonces-commerciales-detail/?q.id=id:B202601812264,2026-09-22
B202601812265,radiation,radiation,1,949585137,Tabet Yanis,Coursier à vélo : livraison de repas,34113,Gigean,34770,6639,43.4953,3.7242,Greffe du Tribunal de Commerce de Montpellier,,,H,Transports et entreposage,53.20Z,NN,2023-03-06,https://www.bodacc.fr/pages/annonces-commerciales-detail/?q.id=id:B202601812265,2026-09-22
B202601812266,modification,modification,0,999132749,bulles gourmandes,"vente de gauffre sur foires, marchés ect. , vente de barbe à papa",34151,Marsillargues,34590,6988,43.6376,4.1346,Greffe du Tribunal de Commerce de Montpellier,,,I,Hebergement et restauration,56.10C,NN,2025-12-27,https://www.bodacc.fr/pages/annonces-commerciales-detail/?q.id=id:B202601812266,2026-09-22
B202601812267,modification,modification,0,808889422,Comptoir des délices Events,"Préparation de plat buffet , bar gourmand , en clientèle , évènement Mariage , séminaire , anniversaire. - Vente au détail de tous produits et marchandises non réglementés, à distance, par internet et sur catalogue général",34172,Montpellier,34080,310240,43.61,3.8742,Greffe du Tribunal de Commerce de Montpellier,,,I,Hebergement et restauration,56.21Z,NN,2015-02-01,https://www.bodacc.fr/pages/annonces-commerciales-detail/?q.id=id:B202601812267,2026-09-22
B202601812268,modification,modification,0,989259098,Sihenna,"Vente de parfums sur les marchés, avec présentation et démonstration des produits auprès de la clientèle (démonstrateur)",34301,Sète,34200,45337,43.3844,3.6441,Greffe du Tribunal de Commerce de Montpellier,,,G,"Commerce, reparation d'automobiles",47.89Z,NN,2025-07-15,https://www.bodacc.fr/pages/annonces-commerciales-detail/?q.id=id:B202601812268,2026-09-22
B202601812269,modification,modification,0,824271035,3A REALISATION MEDITERRANEE,"Toutes activités de contractant général et de réalisations immobilières clé en mains, Maîtrise d'Oeuvre d'Exécution ""moe"", Assistance à Maître d'Ouvrage ""amo"", activité de marchands de biens, toutes prestations de services relatives à la construction, acquisition propriété gestion de tous biens immobiliers et droits immobiliers, administration exploitation par la location par bail ou autrement desdits biens immobilie",34172,Montpellier,34935,310240,43.61,3.8742,Greffe du Tribunal de Commerce de Montpellier,,,M,"Activites specialisees, scientifiques et techniques",71.12B,NN,2016-11-04,https://www.bodacc.fr/pages/annonces-commerciales-detail/?q.id=id:B202601812269,2026-09-22
B202601812270,radiation,radiation,1,913953972,A.I.M.Ecologie,,34172,Montpellier,34000,310240,43.61,3.8742,Greffe du Tribunal de Commerce de Montpellier,,,F,Construction,43.22B,NN,2022-05-01,https://www.bodacc.fr/pages/annonces-commerciales-detail/?q.id=id:B202601812270,2026-09-22
B202601812271,modification,modification,0,106286222,ABDD,"la gestion administrative et financière, le management, l'assistance et le conseil auprès de toutes entreprises sous formes de prestations de services d'ordre financier, commercial, juridique, de gestion outres et par le biais de moyens appropriés, notamment la mise à disposition de plateaux techniques entièrement équipés et opérationnels, ainsi que de l'ensemble des prestations de services liées à l'exploitation desdits plateaux techniques, au profit de tous établissements ou structures dans lesquels sera exercé des activités médicales ou paramédicales, et en particulier des soins dentaires - l'acquisition, la souscription, la détention, la cession, l'échange ou l'apport de tous titre ou droits sociaux et de toutes participations directes ou indirectes dans toutes sociétés ou autres entités dont l'activité est en lien avec le secteur médical ou paramédical, et en particulier les soins dentaires - Toutes activités de conseil en lien avec le secteur médical ou paramédical, et en particulier les soins dentaires - la dispense de tous types de formations, tous types d'assistance et de management de projets, notamment la dispense de formation professionnel et continue par le biais, entres autres, d'actions de formation, bilans de compétences, VAE et apprentissage, en lien avec le secteur médical, et en particulier les soins dentaires. - la participation de la société à toutes entreprises ou sociétés, créées ou à créer, pouvant se rattacher directement ou indirectement à l'un des objets précités ou à tous objets similaires ou connexes, notamment aux entreprises ou sociétés dont l'objet serait susceptible de concourir à la réalisation de l'objet social. - la création, l'acquisition, la location, la prise en location-gérance de tous fonds de commerce, la prise à bail, l'installation, l'exploitation de tous établissements, fonds de commerce, usines, ateliers, se rapportant à l'une ou l'autre des activités spécifiées ci-dessus- la prise, l'acquisition, l'exploitation ou la cession de tous procédés, brevets et droits de propriété intellectuelle concernant lesdites activités - la participation, directe ou indirecte, de la Société dans toutes opérations financières, immobilières ou mobilières ou entreprises commerciales ou industrielles pouvant se rattacher à l'objet social ou à tout objet similaire ou connexe.",34172,Montpellier,34090,310240,43.61,3.8742,Greffe du Tribunal de Commerce de Montpellier,,,M,"Activites specialisees, scientifiques et techniques",70.22Z,NN,2026-05-20,https://www.bodacc.fr/pages/annonces-commerciales-detail/?q.id=id:B202601812271,2026-09-22
B202601812272,radiation,radiation,1,905228805,ACS DIGITAL SOFTWARE,,34145,Lunel,34400,26623,43.678,4.1329,Greffe du Tribunal de Commerce de Montpellier,,,J,Information et communication,62.01Z,NN,2021-11-04,https://www.bodacc.fr/pages/annonces-commerciales-detail/?q.id=id:B202601812272,2026-09-22
B202601812273,radiation,radiation,1,500018353,ALAIN COUCI COACHING,,34127,Lansargues,34130,3233,43.6314,4.0789,Greffe du Tribunal de Commerce de Montpellier,,,P,Enseignement,85.59A,NN,2007-09-15,https://www.bodacc.fr/pages/annonces-commerciales-detail/?q.id=id:B202601812273,2026-09-22
B202601812274,modification,modification,0,793088097,ALKAR MEDITERRANEE,charpente métallique.,34058,Castries,34160,6883,43.6905,3.9853,Greffe du Tribunal de Commerce de Montpellier,,,C,Industrie manufacturiere,25.11Z,03,2013-06-01,https://www.bodacc.fr/pages/annonces-commerciales-detail/?q.id=id:B202601812274,2026-09-22
B202601812275,radiation,radiation,1,352772313,AMENAGEMENTS SERVICES TRAVAUX PUBLICS,,34240,Saint-Aunès,34130,4530,43.6341,3.97,Greffe du Tribunal de Commerce de Montpellier,,,F,Construction,43.12A,01,1990-01-04,https://www.bodacc.fr/pages/annonces-commerciales-detail/?q.id=id:B202601812275,2026-09-22
B202601812276,radiation,radiation,1,480555192,AQUA TECH,,34163,Montarnaud,34570,4208,43.648,3.7053,Greffe du Tribunal de Commerce de Montpellier,,,F,Construction,43.22A,NN,2005-01-07,https://www.bodacc.fr/pages/annonces-commerciales-detail/?q.id=id:B202601812276,2026-09-22
B202601812277,modification,modification,0,443646476,ARMEMENT ROGER CHRISTIAN III,Pêche maritime professionnelle en vue de la commercialisation des produits de la pêche acquisition armement exploitation de tout navire à la pêche et notamment du chalutier Alexia Synthia,34301,Sète,34200,45337,43.3844,3.6441,Greffe du Tribunal de Commerce de Montpellier,,,A,"Agriculture, sylviculture et peche",03.11Z,02,2002-10-01,https://www.bodacc.fr/pages/annonces-commerciales-detail/?q.id=id:B202601812277,2026-09-22
B202601812278,modification,modification,0,478659030,ASSISTANCE TECHNIQUE BOULANGERIE SERVICES,Assistance technique réparation dépannage de matériel industriel venté et installation de matériel industriel,34341,Villeveyrac,34560,3972,43.4956,3.5931,Greffe du Tribunal de Commerce de Montpellier,,,C,Industrie manufacturiere,33.12Z,11,2004-10-01,https://www.bodacc.fr/pages/annonces-commerciales-detail/?q.id=id:B202601812278,2026-09-22
B202601812279,modification,modification,0,942676891,Alenti,Elaboration et commerce en ligne de produits vitivinicoles,34172,Montpellier,34000,310240,43.61,3.8742,Greffe du Tribunal de Commerce de Montpellier,,,G,"Commerce, reparation d'automobiles",47.91B,NN,2025-02-24,https://www.bodacc.fr/pages/annonces-commerciales-detail/?q.id=id:B202601812279,2026-09-22
B202601812280,transfert,modification,0,932091507,Antoine Pro Clean Services,La fourniture de services à la personne au domicile des particuliers. Le nettoyage de vitres et l'entretien de la maison.,34172,Montpellier,34000,310240,43.61,3.8742,Greffe du Tribunal de Commerce de Montpellier,,,N,Services administratifs et de soutien,81.22Z,NN,2024-08-08,https://www.bodacc.fr/pages/annonces-commerciales-detail/?q.id=id:B202601812280,2026-09-22
B202601812281,radiation,radiation,1,377770904,BENSOUSSAN COHEN SCI,,34172,Montpellier,34000,310240,43.61,3.8742,Greffe du Tribunal de Commerce de Montpellier,,,L,Activites immobilieres,68.20B,NN,1990-04-02,https://www.bodacc.fr/pages/annonces-commerciales-detail/?q.id=id:B202601812281,2026-09-22
B202601812282,transfert,modification,0,838467892,BOBIDEL,"L'acquisition, l'aménagement, la mise en valeur, la gestion, l'administration et l'exploitation par bail, location ou autrement de tous immeubles et biens immobiliers en pleine propriété, nue-propriété ou en jouissance.",34247,Saint-Clément-de-Rivière,34980,5218,43.6831,3.8447,Greffe du Tribunal de Commerce de Montpellier,,,L,Activites immobilieres,68.20B,NN,2018-03-01,https://www.bodacc.fr/pages/annonces-commerciales-detail/?q.id=id:B202601812282,2026-09-22
B202601812283,modification,modification,0,838894616,BOULBAR,Création artistique fabrication et commercialisation de prêt à porter accessoires de mode décoration et papeterie,34172,Montpellier,34000,310240,43.61,3.8742,Greffe du Tribunal de Commerce de Montpellier,,,G,"Commerce, reparation d'automobiles",47.71Z,NN,2018-04-12,https://www.bodacc.fr/pages/annonces-commerciales-detail/?q.id=id:B202601812283,2026-09-22
B202601812284,modification,modification,0,944496363,CARROSSERIE DES 4 CANAUX,"Carrosserie, peinture, location et vente de véhicules et d'accessoires automobiles ( y compris véhicule de pêt, électronique automobile et nettoyage de véhicules) dépanneuse automobile transport, remorquage de véhicule sans réparation.",34192,Palavas-les-Flots,34250,6133,43.5323,3.9346,Greffe du Tribunal de Commerce de Montpellier,,,G,"Commerce, reparation d'automobiles",45.20A,NN,2025-05-15,https://www.bodacc.fr/pages/annonces-commerciales-detail/?q.id=id:B202601812284,2026-09-22
B202601812285,modification,modification,0,884252842,CITINOV,"La création, le développement et la commercialisation d'applications sécurisées pour mobiles, smartphones, tablettes et dérivés, en particulier dans le domaine du service aux collectivités",34154,Mauguio,34130,16522,43.5915,4.0128,Greffe du Tribunal de Commerce de Montpellier,,,J,Information et communication,62.01Z,00,2020-06-01,https://www.bodacc.fr/pages/annonces-commerciales-detail/?q.id=id:B202601812285,2026-09-22
B202601812286,modification,modification,0,508834652,CLIM MAG,Vente et pose d'appareils de climatisation chauffage de ventillation et de sanitaire,34198,Pérols,34470,9615,43.5609,3.9512,Greffe du Tribunal de Commerce de Montpellier,,,C,Industrie manufacturiere,33.20B,11,2008-11-26,https://www.bodacc.fr/pages/annonces-commerciales-detail/?q.id=id:B202601812286,2026-09-22
B202601812287,modification,modification,0,914629241,COMMUNAUTÉ BRICKS 1 SCA,"Toutes opérations d'investissement par tous moyens, en ce compris par voie d'achat, de souscription, de détention, de gestion, de cession ou d'apport de participations, d'actions, de valeurs mobilières pouvant donner accès au capital, d'obligations ou d'instruments financiers dans toutes sociétés, entités, fonds, groupements du secteur immobilier, financier ou de la technologie financière (Fintech) ou ayant une activité d’intermédiation et/ou de gestion dans le secteur immobilier",34172,Montpellier,34090,310240,43.61,3.8742,Greffe du Tribunal de Commerce de Montpellier,,,K,Activites financieres et d'assurance,64.20Z,NN,2022-05-25,https://www.bodacc.fr/pages/annonces-commerciales-detail/?q.id=id:B202601812287,2026-09-22
B202601812288,radiation,radiation,1,753044791,CONSEIL EXPERTISE BATIMENT,,34172,Montpellier,34070,310240,43.61,3.8742,Greffe du Tribunal de Commerce de Montpellier,,,M,"Activites specialisees, scientifiques et techniques",71.20B,NN,2012-07-16,https://www.bodacc.fr/pages/annonces-commerciales-detail/?q.id=id:B202601812288,2026-09-22
B202601812289,modification,modification,0,899078588,COPHI,"Exploitation d'une entreprise de travail temporaire, au sens de l'article L 1251-2 du code du Travail, sous l'enseigne toma intérim, recrutement, placement en contrat à durée déterminée ou indéterminée, mise à disposition de personnel pour le compte de tiers utilisateurs. Fourniture de services de placement au sens de l'article L 5321-1 du code du Travail visant à rapprocher les offres et les demandes d'emploi.",34172,Montpellier,34000,310240,43.61,3.8742,Greffe du Tribunal de Commerce de Montpellier,,,N,Services administratifs et de soutien,78.20Z,01,2021-04-22,https://www.bodacc.fr/pages/annonces-commerciales-detail/?q.id=id:B202601812289,2026-09-22
B202601812290,modification,modification,0,104117247,COQUILLETTE,"L'exploitation de toute activité de petite restauration, snack, restauration rapide, vente à emporter et en livraison ; L'exploitation d'un salon de thé ; La vente de produits d'épicerie fine et, plus généralement, de tous produits alimentaires ou accessoires se rapportant aux activités ci-dessus ;",34057,Castelnau-le-Lez,34170,26058,43.6372,3.9113,Greffe du Tribunal de Commerce de Montpellier,,,I,Hebergement et restauration,56.10C,NN,2026-04-21,https://www.bodacc.fr/pages/annonces-commerciales-detail/?q.id=id:B202601812290,2026-09-22
B202601812291,radiation,radiation,1,432700821,CYRIAN RACING,,34077,Clapiers,34830,6006,43.666,3.8848,Greffe du Tribunal de Commerce de Montpellier,,,P,Enseignement,85.51Z,NN,2000-07-01,https://www.bodacc.fr/pages/annonces-commerciales-detail/?q.id=id:B202601812291,2026-09-22
B202601812292,modification,modification,0,889272639,DAVENSI,"La fourniture de tous services sur actifs numériques et notamment la création, le développement et l'exploitation d'une plateforme de négociations d'actifs numériques, l'échange d'actifs numériques contre d'autres actifs numériques, et l'achat ou la vente d'actifs numériques en monnaie ayant cours légal.",34172,Montpellier,34000,310240,43.61,3.8742,Greffe du Tribunal de Commerce de Montpellier,,,J,Information et communication,62.01Z,NN,2020-09-10,https://www.bodacc.fr/pages/annonces-commerciales-detail/?q.id=id:B202601812292,2026-09-22
B202601812293,modification,modification,0,929758845,DISTRIMO,"La préparation, la vente au détail, la fourniture et la distribution de repas cuisinés et de produits alimentaires. - Les activités de restauration rapide, sur place, à emporter ou à livrer ; - La réalisation de toute prestation de service destinée à permettre aux entreprises de mettre à la disposition de leurs salariés des solutions de restauration.",34154,Mauguio,34130,16522,43.5915,4.0128,Greffe du Tribunal de Commerce de Montpellier,,,I,Hebergement et restauration,56.10C,NN,2024-06-07,https://www.bodacc.fr/pages/annonces-commerciales-detail/?q.id=id:B202601812293,2026-09-22
B202601812294,modification,modification,0,934473190,DOLINNOV,"Les études, la recherche, la promotion d'essais cliniques, la conception, la mise au point, le développement, la production et la commercialisation de produits chimiques, biochimiques et biologiques.",34172,Montpellier,34000,310240,43.61,3.8742,Greffe du Tribunal de Commerce de Montpellier,,,M,"Activites specialisees, scientifiques et techniques",72.11Z,NN,2024-10-17,https://www.bodacc.fr/pages/annonces-commerciales-detail/?q.id=id:B202601812294,2026-09-22
B202601812295,modification,modification,0,853837508,EG OPOUL,"Développement, construction, exploitation technique et commerciale d'installations de production d'électricité d'origine renouvelable",34172,Montpellier,34000,310240,43.61,3.8742,Greffe du Tribunal de Commerce de Montpellier,,,D,Production et distribution d'energie,35.11Z,NN,2019-08-27,https://www.bodacc.fr/pages/annonces-commerciales-detail/?q.id=id:B202601812295,2026-09-22
B202601812296,modification,modification,0,823038179,ENGIE GREEN LONGCHAMPS,"La production, l'installation, 'exploitation, la commercialisation et le financement d'installations de production d'energie d'origine renouvelable. Etudes, conseil, ingénierie et maitriese d'oeuvre dans le domaine de l'énergie d'origine renouvelable",34172,Montpellier,34000,310240,43.61,3.8742,Greffe du Tribunal de Commerce de Montpellier,,,D,Production et distribution d'energie,35.11Z,NN,2016-09-28,https://www.bodacc.fr/pages/annonces-commerciales-detail/?q.id=id:B202601812296,2026-09-22
B202601812297,modification,modification,0,335273371,FININDEV,"Assurer le suivi des participations dont chaque associé est titulaire dans des entreprises, accomplir toutes études et de mettre au point tous contrats pour le compte des collectivités publiques, des Établissements publics et sociétés d'économie mixte du Languedoc-Roussillon ou entreprises privées établies ou susceptibles de s'y établir. Assurer le suivi des participations souscrites par les établissements financiers associés ou non de la société, dans les entreprises et plus généralement le suivi de toutes participations souscrites par des tiers;",34154,Mauguio,34130,16522,43.5915,4.0128,Greffe du Tribunal de Commerce de Montpellier,,,M,"Activites specialisees, scientifiques et techniques",70.22Z,11,1986-04-08,https://www.bodacc.fr/pages/annonces-commerciales-detail/?q.id=id:B202601812297,2026-09-22
B202601812298,transfert,modification,0,999437601,FISCHEIRA BIKE,"La location, la réparation, l'entretien, la révision, le dépannage ainsi que l'achat et la vente de cycles, vélos, vélos à assistance électrique (vae) et, plus généralement, de tous engins de déplacement personnel non motorisés ou à motorisation électrique",34108,Frontignan,34110,24136,43.4486,3.7493,Greffe du Tribunal de Commerce de Montpellier,,,G,"Commerce, reparation d'automobiles",45.40Z,NN,2026-01-02,https://www.bodacc.fr/pages/annonces-commerciales-detail/?q.id=id:B202601812298,2026-09-22
B202601812299,modification,modification,0,819905720,FLEUR DE SEL,"la réalisation directement ou indirectement de toutes opérations immobilières, achat, vente, aménagement foncier, réhabilitation, promotion, l acquisition de tous terrains, la viabilisation de terrains en vue de les revendre, et plus généralement toutes opérations de lotissement, etc",34057,Castelnau-le-Lez,34170,26058,43.6372,3.9113,Greffe du Tribunal de Commerce de Montpellier,,,F,Construction,41.10A,NN,2016-04-20,https://www.bodacc.fr/pages/annonces-commerciales-detail/?q.id=id:B202601812299,2026-09-22
B202601812300,modification,modification,0,509789889,GALON,,34114,Gignac,34150,6651,43.6416,3.5661,Greffe du Tribunal de Commerce de Montpellier,,,I,Hebergement et restauration,56.10C,NN,2009-01-01,https://www.bodacc.fr/pages/annonces-commerciales-detail/?q.id=id:B202601812300,2026-09-22
B202601812301,modification,modification,0,894194620,GAP Conseil & Management,"Prestations de conseil et accompagnement, management de transition auprès des Entreprises, Associations et Collectivités et autres organismes publics ou privés. Communication, stratégie, gestion des systèmes d'information et des ressources humaine, recherche et développement.",34255,Saint-Gély-du-Fesc,34980,10472,43.6897,3.81,Greffe du Tribunal de Commerce de Montpellier,,,M,"Activites specialisees, scientifiques et techniques",70.22Z,NN,2021-02-10,https://www.bodacc.fr/pages/annonces-commerciales-detail/?q.id=id:B202601812301,2026-09-22
B202601812302,modification,modification,0,310380811,GARROT-CHAILLAC,Négoce de minerai,34198,Pérols,34473,9615,43.5609,3.9512,Greffe du Tribunal de Commerce de Montpellier,,,G,"Commerce, reparation d'automobiles",46.72Z,03,1984-07-01,https://www.bodacc.fr/pages/annonces-commerciales-detail/?q.id=id:B202601812302,2026-09-22
B202601812303,modification,modification,0,105235113,GIE Sandaya Exploitation,Mise à disposition de personnel salarié au profit des sociétés d'exploitation membres du Groupement.,34154,Mauguio,34137,16522,43.5915,4.0128,Greffe du Tribunal de Commerce de Montpellier,,,N,Services administratifs et de soutien,78.30Z,NN,2026-06-01,https://www.bodacc.fr/pages/annonces-commerciales-detail/?q.id=id:B202601812303,2026-09-22
B202601812304,modification,modification,0,879006633,GOLFHOTEL,Hôtel Meublé.,34344,La Grande-Motte,34280,8440,43.571,4.072,Greffe du Tribunal de Commerce de Montpellier,,,I,Hebergement et restauration,55.10Z,11,2019-11-13,https://www.bodacc.fr/pages/annonces-commerciales-detail/?q.id=id:B202601812304,2026-09-22
B202601812305,modification,modification,0,490023439,GoforDia,,34116,Grabels,34790,9092,43.6503,3.7894,Greffe du Tribunal de Commerce de Montpellier,,,M,"Activites specialisees, scientifiques et techniques",71.12B,NN,2006-01-16,https://www.bodacc.fr/pages/annonces-commerciales-detail/?q.id=id:B202601812305,2026-09-22
B202601812306,transfert,modification,0,819544917,IDDS,Holding,34123,Juvignac,34990,14055,43.6173,3.7908,Greffe du Tribunal de Commerce de Montpellier,,,K,Activites financieres et d'assurance,64.20Z,NN,2016-02-01,https://www.bodacc.fr/pages/annonces-commerciales-detail/?q.id=id:B202601812306,2026-09-22
B202601812307,modification,modification,0,532892601,IES GROUP,"L'acquisition, la souscription, la détention, la cession et l'apport d'actions et/ou de valeurs mobilières",34240,Saint-Aunès,34130,4530,43.6341,3.97,Greffe du Tribunal de Commerce de Montpellier,,,K,Activites financieres et d'assurance,64.20Z,01,2011-06-01,https://www.bodacc.fr/pages/annonces-commerciales-detail/?q.id=id:B202601812307,2026-09-22
B202601812308,radiation,radiation,1,912835329,IWASH,,34327,Vendargues,34740,7262,43.6624,3.9657,Greffe du Tribunal de Commerce de Montpellier,,,M,"Activites specialisees, scientifiques et techniques",70.10Z,NN,2022-05-01,https://www.bodacc.fr/pages/annonces-commerciales-detail/?q.id=id:B202601812308,2026-09-22
B202601812309,modification,modification,0,918124264,JD INVEST,"Acquisition, transformation et location de biens immobiliers de toutes natures",34082,Combaillaux,34980,2001,43.6744,3.7847,Greffe du Tribunal de Commerce de Montpellier,,,L,Activites immobilieres,68.20B,NN,2022-08-04,https://www.bodacc.fr/pages/annonces-commerciales-detail/?q.id=id:B202601812309,2026-09-22
B202601812310,modification,modification,0,942470402,L'ATELIER DES VILLAS,activités de services de conciergerie,34172,Montpellier,34000,310240,43.61,3.8742,Greffe du Tribunal de Commerce de Montpellier,,,S,Autres activites de services,96.09Z,NN,2025-03-05,https://www.bodacc.fr/pages/annonces-commerciales-detail/?q.id=id:B202601812310,2026-09-22
B202601812311,radiation,radiation,1,919542472,LE FRUIT DU BONHEUR,,34057,Castelnau-le-Lez,34170,26058,43.6372,3.9113,Greffe du Tribunal de Commerce de Montpellier,,,G,"Commerce, reparation d'automobiles",47.21Z,02,2022-09-22,https://www.bodacc.fr/pages/annonces-commerciales-detail/?q.id=id:B202601812311,2026-09-22
B202601812312,radiation,radiation,1,517956090,LE VALYS,,34172,Montpellier,34000,310240,43.61,3.8742,Greffe du Tribunal de Commerce de Montpellier,,,F,Construction,41.10D,NN,2009-10-27,https://www.bodacc.fr/pages/annonces-commerciales-detail/?q.id=id:B202601812312,2026-09-22
B202601812313,modification,modification,0,107372633,MAISON AUREA,,34172,Montpellier,34000,310240,43.61,3.8742,Greffe du Tribunal de Commerce de Montpellier,,,G,"Commerce, reparation d'automobiles",47.78C,NN,2026-07-01,https://www.bodacc.fr/pages/annonces-commerciales-detail/?q.id=id:B202601812313,2026-09-22
B202601812314,modification,modification,0,989264072,MAMA LOBA,Activité de cuisinier traiteur,34172,Montpellier,34000,310240,43.61,3.8742,Greffe du Tribunal de Commerce de Montpellier,,,I,Hebergement et restauration,56.21Z,NN,2025-07-01,https://www.bodacc.fr/pages/annonces-commerciales-detail/?q.id=id:B202601812314,2026-09-22
B202601812315,transfert,modification,0,351563358,MATIMAT,"Le négoce d'engins destinés au secteur du bâtiment, de l'agriculture et des travaux publics et privés ; le stockage, le dépôt et le négoce de matériaux, agrégats, produits et fournitures pour le bâtiment, l'agriculture et les travaux publics et privés ; le transport public de marchandises, la location de véhicules affectés à cet usage ; la location de matériels ; l'acquisition, la propriété, l'échange ainsi que la location, l'administration de tous biens immobiliers et mobiliers, décoration , home staging.",34301,Sète,34200,45337,43.3844,3.6441,Greffe du Tribunal de Commerce de Montpellier,,,G,"Commerce, reparation d'automobiles",46.63Z,NN,1989-07-01,https://www.bodacc.fr/pages/annonces-commerciales-detail/?q.id=id:B202601812315,2026-09-22
B202601812316,modification,modification,0,992653402,My Full Care,"Conception, animation et commercialisation de services présentiels et distanciels pour les particuliers et les entreprises, services autour de la santé, du bien-être physique et mental, de la cohésion sociale et de la prévention.",34058,Castries,34160,6883,43.6905,3.9853,Greffe du Tribunal de Commerce de Montpellier,,,J,Information et communication,58.29C,NN,2025-10-09,https://www.bodacc.fr/pages/annonces-commerciales-detail/?q.id=id:B202601812316,2026-09-22
B202601812317,radiation,radiation,1,106127772,NWK Invest,,34272,Saint-Just,34400,3293,43.657,4.1108,Greffe du Tribunal de Commerce de Montpellier,,,L,Activites immobilieres,68.20B,NN,2026-05-29,https://www.bodacc.fr/pages/annonces-commerciales-detail/?q.id=id:B202601812317,2026-09-22
B202601812318,transfert,modification,0,838611804,OPALS,Prise participations dans toutes sociétés commerciales exploitation de toutes entreprises de charpentes location biens et matériels professionnels,34079,Clermont-l'Hérault,34800,9461,43.6323,3.4017,Greffe du Tribunal de Commerce de Montpellier,,,N,Services administratifs et de soutien,77.39Z,NN,2018-03-22,https://www.bodacc.fr/pages/annonces-commerciales-detail/?q.id=id:B202601812318,2026-09-22
B202601812319,modification,modification,0,106823958,ORIGINES & PAPILLES,Traiteur pâtisserie fromagerie cave épicerie,34239,Saint-André-de-Sangonis,34725,6427,43.6492,3.5056,Greffe du Tribunal de Commerce de Montpellier,,,Z,Secteur non renseigne,00.00Z,NN,2026-06-24,https://www.bodacc.fr/pages/annonces-commerciales-detail/?q.id=id:B202601812319,2026-09-22
B202601812320,modification,modification,0,107986689,ORLEANS,"La création, l'acquisition, en état futur d'achèvement ou achevés, l'apport, la propriété, la mise en valeur, la transformation, la construction, l'aménagement, l'administration, la location et la vente (exceptionnelle) de tous biens et droits immobiliers, ainsi que de tous biens et droits pouvant constituer l'accessoire, l'annexe ou le complément des biens et droits immobiliers en question ; Toutes opérations, financières, mobilières ou immobilières se rattachant directement ou indirectement à cet objet et à tous objets similaires ou connexes pouvant favoriser son développement ; La réalisation de travaux tant pour elle-même que pour toutes sociétés au sein desquelles elle détiendra, directement ou indirectement, une participation ; La conclusion de tout contrat à l'effet de permettre la réalisation des opérations visées ci-dessus, en ce compris la souscription d'emprunts et l'octroi de toute garantie sur les actifs de la société (notamment toute sûreté sur les immeubles détenus par la société), ainsi que tout agrément de nantissement des titres émis par la société réalisé par les associés pour garantir un emprunt de la société.",34301,Sète,34200,45337,43.3844,3.6441,Greffe du Tribunal de Commerce de Montpellier,,,L,Activites immobilieres,68.20B,NN,2026-07-23,https://www.bodacc.fr/pages/annonces-commerciales-detail/?q.id=id:B202601812320,2026-09-22
B202601812321,transfert,modification,0,849863402,PERDRIAUX PH-CJ Sas,"L' activité de caviste ,vente de vins, ateliers de dégustation ,vente de produits régionaux , vente par correspondance , notamment sous les enseignes suivantes : Cave en Goguette, Cave à Passions , Les Vins Plaisirs. Les Activités de Consulting pour les Vins et Vignes, Remplacement de Cavistes et animation commerciales.petite restauration. La prise, l'acquisition, l'exploitation ou la cession de tous procédés, brevets, et droits de propriété intellectuelle concernant ces activités. La participation ,directe ou indirecte de la société dans toutes opérations financières, mobilières ou immobilières ou entreprises commerciales ou industrielles pouvant se rattacher à l' objet social ou a tout objet similaire ou connexe. Conciergerie, location de biens immobiliers, marchand de biens immobiliers, intermédiaire de commerce et toutes activités connexes.",34344,La Grande-Motte,34280,8440,43.571,4.072,Greffe du Tribunal de Commerce de Montpellier,,,G,"Commerce, reparation d'automobiles",47.25Z,NN,2019-04-03,https://www.bodacc.fr/pages/annonces-commerciales-detail/?q.id=id:B202601812321,2026-09-22
B202601812322,transfert,modification,0,894075688,PHONEO HOLDING,"la société a pour objet, en France comme à l'étranger, auprès de particuliers comme de professionnels, directement et indirectement, la prise de participations, sous quelque forme que ce soit, dans toutes sociétés ou entreprises, existantes ou à créer, notamment par voie de création, souscription, acquisition, apport, fusion, échange ou autrement, de tous titres, actions, parts sociales, valeurs mobilières ou droits sociaux, ainsi que la détention, la gestion, l'administration, la valorisation et, le cas échéant, la cession de toutes participations et de tous titres, droits sociaux et valeurs mobilières détenus par la société. De plus, l'animation, la coordination et le contrôle des sociétés et entreprises dans lesquelles la société détient une participation. le commerce de téléphonie et accessoires. et accessoirement le conseil et la formation dans les domaines afférents à cet objet social.",34213,Poussan,34560,6797,43.4976,3.6623,Greffe du Tribunal de Commerce de Montpellier,,,G,"Commerce, reparation d'automobiles",47.42Z,NN,2021-02-01,https://www.bodacc.fr/pages/annonces-commerciales-detail/?q.id=id:B202601812322,2026-09-22
B202601812323,radiation,radiation,1,894299197,PROJET SPORT,,34129,Lattes,34970,17351,43.567,3.899,Greffe du Tribunal de Commerce de Montpellier,,,G,"Commerce, reparation d'automobiles",46.18Z,NN,2021-02-05,https://www.bodacc.fr/pages/annonces-commerciales-detail/?q.id=id:B202601812323,2026-09-22
B202601812324,transfert,modification,0,949720585,PURELAB,"La recherche, développement et culture en milieu contrôlé.",34320,Vailhauquès,34570,2722,43.6652,3.7304,Greffe du Tribunal de Commerce de Montpellier,,,M,"Activites specialisees, scientifiques et techniques",72.11Z,NN,2023-01-26,https://www.bodacc.fr/pages/annonces-commerciales-detail/?q.id=id:B202601812324,2026-09-22
B202601812325,modification,modification,0,503944043,SAINT AUNES SPORT DIFFUSION,,34240,Saint-Aunès,34130,4530,43.6341,3.97,Greffe du Tribunal de Commerce de Montpellier,,,G,"Commerce, reparation d'automobiles",47.64Z,12,2008-04-25,https://www.bodacc.fr/pages/annonces-commerciales-detail/?q.id=id:B202601812325,2026-09-22
B202601812326,modification,modification,0,107988339,SAINTE-MAURE-DE-TOURAINE,"La création, l'acquisition, en état futur d'achèvement ou achevés, l'apport, la propriété, la mise en valeur, la transformation, la construction, l'aménagement, l'administration, la location et la vente (exceptionnelle) de tous biens et droits immobiliers, ainsi que de tous biens et droits pouvant constituer l'accessoire, l'annexe ou le complément des biens et droits immobiliers en question ; Toutes opérations, financières, mobilières ou immobilières se rattachant directement ou indirectement à cet objet et à tous objets similaires ou connexes pouvant favoriser son développement ; La réalisation de travaux tant pour elle-même que pour toutes sociétés au sein desquelles elle détiendra, directement ou indirectement, une participation ; La conclusion de tout contrat à l'effet de permettre la réalisation des opérations visées ci-dessus, en ce compris la souscription d'emprunts et l'octroi de toute garantie sur les actifs de la société (notamment toute sûreté sur les immeubles détenus par la société), ainsi que tout agrément de nantissement des titres émis par la société réalisé par les associés pour garantir un emprunt de la société.",34301,Sète,34200,45337,43.3844,3.6441,Greffe du Tribunal de Commerce de Montpellier,,,L,Activites immobilieres,68.20B,NN,2026-07-23,https://www.bodacc.fr/pages/annonces-commerciales-detail/?q.id=id:B202601812326,2026-09-22
B202601812327,radiation,radiation,1,978932606,SAS BORNE CAPRON TRAN VAN,,34154,Mauguio,34130,16522,43.5915,4.0128,Greffe du Tribunal de Commerce de Montpellier,,,G,"Commerce, reparation d'automobiles",46.41Z,NN,2023-07-13,https://www.bodacc.fr/pages/annonces-commerciales-detail/?q.id=id:B202601812327,2026-09-22
B202601812328,modification,modification,0,523543601,SCI FAMILIALE BRICELAUR,,34337,Villeneuve-lès-Maguelone,34750,10872,43.5119,3.8589,Greffe du Tribunal de Commerce de Montpellier,,,L,Activites immobilieres,68.20B,NN,2010-07-02,https://www.bodacc.fr/pages/annonces-commerciales-detail/?q.id=id:B202601812328,2026-09-22
B202601812329,modification,modification,0,477498471,SCI HELEDRE,,34058,Castries,34160,6883,43.6905,3.9853,Greffe du Tribunal de Commerce de Montpellier,,,L,Activites immobilieres,68.20A,NN,2004-06-14,https://www.bodacc.fr/pages/annonces-commerciales-detail/?q.id=id:B202601812329,2026-09-22
B202601812330,radiation,radiation,1,498183136,SCI LE CLOS DE LAVAL,ACQUISITION EXPLOITATION PAR BAIL OU AUTREMENT ET LA CESSION DE TOUS IMMEUBLES BIENS ET DROITS IMMOBILIERS EDIFICATION DE TOUTES CONSTRUCTIONS AINSI QUE LA REFECTION ET L AMENAGEMENT DE CELLES EXISTANTES,34255,Saint-Gély-du-Fesc,34980,10472,43.6897,3.81,Greffe du Tribunal de Commerce de Montpellier,,,L,Activites immobilieres,68.20B,NN,2007-05-20,https://www.bodacc.fr/pages/annonces-commerciales-detail/?q.id=id:B202601812330,2026-09-22
B202601812331,transfert,modification,0,937562486,SCI LES 3 FAUTEUILS,"Propriété, administration, exploitation par bail de tous immeubles à usage d'habitation, professionnel ou commercial",34154,Mauguio,34130,16522,43.5915,4.0128,Greffe du Tribunal de Commerce de Montpellier,,,L,Activites immobilieres,68.20B,NN,2024-11-15,https://www.bodacc.fr/pages/annonces-commerciales-detail/?q.id=id:B202601812331,2026-09-22
B202601812332,modification,modification,0,419712880,SCI MOURET,"la propriété par quelque voie que ce soit, la construction, la gestion et L'administration par bail, location ou autrement, de tous immeubles - la propriété par quelque voie que ce soit, la construction, la gestion et L'administration par bail, location ou autrement, de tous immeubles",34039,Bouzigues,34140,1601,43.445,3.6563,Greffe du Tribunal de Commerce de Montpellier,,,L,Activites immobilieres,68.20B,NN,1998-06-30,https://www.bodacc.fr/pages/annonces-commerciales-detail/?q.id=id:B202601812332,2026-09-22
B202601812333,radiation,radiation,1,519433528,SCI TOSCANE,,34172,Montpellier,34090,310240,43.61,3.8742,Greffe du Tribunal de Commerce de Montpellier,,,L,Activites immobilieres,68.20B,NN,2009-12-10,https://www.bodacc.fr/pages/annonces-commerciales-detail/?q.id=id:B202601812333,2026-09-22
B202601812334,transfert,modification,0,432711265,SOCIETE CIVILE IMMOBILIERE JEAN TRIAL,"ACQUISITION ET LA PROPRIETE DE TOUS BIENS IMMOBILIERS, MISE EN VALEUR, ADMINISTRATION, GESTION, EXPLOITATION PAR BAIL, LOCATION DESDITS IMMEUBLES AINSI ACQUIS OU EDIFIES.",34198,Pérols,34470,9615,43.5609,3.9512,Greffe du Tribunal de Commerce de Montpellier,,,L,Activites immobilieres,68.20B,NN,1972-01-01,https://www.bodacc.fr/pages/annonces-commerciales-detail/?q.id=id:B202601812334,2026-09-22
B202601812335,modification,modification,0,483107579,"SOCIETE D'EXPERTISE MEDICALE ET SCIENTIFIQUE EN ALLERGOLOGIE ""SEMSA""","MISE EN PLACE, SUIVI ET VALORISATION D'OUTILS ET D'ENQUETES DANS LE DOMAINE DE L'ALLERGOLOGIE. LA SOCIETE SERA EGALEMENT AMENEE A ASSURER POUR LE COMPTE DE CLIENTS UNE ACTIVITE DE CONSEILS ET D'EXPERTISE INCLUANT : LE DEVELOPPEMENT, LA MISE A JOUR ET ANALYSE DE BANQUE DE DONNEES PRATIQUES EN ALLERGOLOGIE. LA MISE EN PLACE DE FORMATION EN ALLERGOLOGIE L'AIDE AU DEVELOPPEMENT DE PRODUITS VISANT A DIMINUER, PREVENIR.",34172,Montpellier,34000,310240,43.61,3.8742,Greffe du Tribunal de Commerce de Montpellier,,,M,"Activites specialisees, scientifiques et techniques",72.19Z,NN,2005-07-01,https://www.bodacc.fr/pages/annonces-commerciales-detail/?q.id=id:B202601812335,2026-09-22
B202601812336,modification,modification,0,348276536,SOCIETE D'INVESTISSEMENT D'OCCITANIE,Toutes opérations financières d'investissement,34254,Saint-Félix-de-Lodez,34725,1135,43.6595,3.4682,Greffe du Tribunal de Commerce de Montpellier,,,K,Activites financieres et d'assurance,64.20Z,02,1988-06-20,https://www.bodacc.fr/pages/annonces-commerciales-detail/?q.id=id:B202601812336,2026-09-22
B202601812337,modification,modification,0,809050677,SOS MATERNITE,L'achat la vente la location de dispositifs médicaux et matériels en relation avec la maternité pré et post maternité et la petite enfance,34095,Fabrègues,34690,7447,43.5312,3.7737,Greffe du Tribunal de Commerce de Montpellier,,,G,"Commerce, reparation d'automobiles",47.74Z,01,2015-01-01,https://www.bodacc.fr/pages/annonces-commerciales-detail/?q.id=id:B202601812337,2026-09-22
B202601812338,modification,modification,0,902577857,STENT'UP,"L'invention, la conception et ou la commercialisation de tous dispositifs médicaux",34172,Montpellier,34000,310240,43.61,3.8742,Greffe du Tribunal de Commerce de Montpellier,,,C,Industrie manufacturiere,32.50A,NN,2021-08-31,https://www.bodacc.fr/pages/annonces-commerciales-detail/?q.id=id:B202601812338,2026-09-22
B202601812339,modification,modification,0,108159187,SURFACE,"Tous travaux de bâtiment, de construction, de rénovation, de réhabilitation, d'aménagement et de finition, tous corps d'état, gros œuvre comme second œuvre, tant pour son compte que pour le compte de tiers ; L'aménagement, le cloisonnement, la transformation et la division de tous espaces, locaux et plateaux, ainsi que tous travaux de distribution, de réseaux et de mise aux normes ; La maîtrise d'œuvre d'exécution, l'étude, la conception, la coordination, le pilotage et la conduite de chantiers ; toute prestation de contractant général et d'entreprise générale du bâtiment ; - Le négoce, la fourniture, la location et la pose de tous matériaux, matériels et équipements du bâtiment ;",34154,Mauguio,34130,16522,43.5915,4.0128,Greffe du Tribunal de Commerce de Montpellier,,,Z,Secteur non renseigne,00.00Z,NN,2026-07-21,https://www.bodacc.fr/pages/annonces-commerciales-detail/?q.id=id:B202601812339,2026-09-22
B202601812340,modification,modification,0,921294567,SuperBeer,"Conception, fabrication, production et commercialisation de bières sans alcool et boissons gazeuses .",34172,Montpellier,34000,310240,43.61,3.8742,Greffe du Tribunal de Commerce de Montpellier,,,C,Industrie manufacturiere,11.05Z,01,2022-10-10,https://www.bodacc.fr/pages/annonces-commerciales-detail/?q.id=id:B202601812340,2026-09-22
B202601812341,transfert,modification,0,932956808,T N T,"- l'acquisition, la gestion, la cession et la prise de participations dans toutes sociétés, entreprises ou groupements quelconques, et notamment de toutes valeurs mobilières, de droits sociaux ou de parts d'intérêts de sociétés ainsi que de tous titres de placement ; - la prise de participations ou d'intérêts dans toutes sociétés et entreprises industrielles, commerciales, financières, immobilières, mobilières, par voie de création de sociétés nouvelles, d'apport, de souscription ou d'achat de titres ou de droits sociaux, de fusion, de société en participation ou autrement, de création, d'acquisition, de location, de prise en location-gérance de tous fonds de commerce ou établissements ; - Achat, vente de bâteaux de plaisance en vue de la location. Achat vente de matériel",34327,Vendargues,34740,7262,43.6624,3.9657,Greffe du Tribunal de Commerce de Montpellier,,,K,Activites financieres et d'assurance,66.30Z,NN,2024-09-10,https://www.bodacc.fr/pages/annonces-commerciales-detail/?q.id=id:B202601812341,2026-09-22
B202601812342,transfert,modification,0,933690380,TURBO FUITE,Prestations de recherches de fuites et toutes autres prestations autour des réseaux enterrés.,34087,Cournonsec,34660,3616,43.5395,3.7024,Greffe du Tribunal de Commerce de Montpellier,,,M,"Activites specialisees, scientifiques et techniques",71.20B,NN,2024-09-22,https://www.bodacc.fr/pages/annonces-commerciales-detail/?q.id=id:B202601812342,2026-09-22
B202601812343,modification,modification,0,830089272,URBA 197,"L'étude, l'ingénierie, le développement , le financement, la construction et l'exploitation de sites de production d'électricité, en ce compris la production d'énergie. - L'étude, l'ingénierie, le développement , le financement, la construction et l'exploitation de sites de production d'électricité, en ce compris la production d'énergie.",34172,Montpellier,34000,310240,43.61,3.8742,Greffe du Tribunal de Commerce de Montpellier,,,D,Production et distribution d'energie,35.11Z,NN,2017-05-17,https://www.bodacc.fr/pages/annonces-commerciales-detail/?q.id=id:B202601812343,2026-09-22
B202601812344,modification,modification,0,752421693,URBA 76,Étude ingénierie développement financement construction et exploitation de sites de production d'électricité.,34172,Montpellier,34961,310240,43.61,3.8742,Greffe du Tribunal de Commerce de Montpellier,,,D,Production et distribution d'energie,35.11Z,NN,2012-05-25,https://www.bodacc.fr/pages/annonces-commerciales-detail/?q.id=id:B202601812344,2026-09-22
B202601812345,modification,modification,0,899428700,URGENCE SINISTRES,"Toutes activités liées aux prestations de contractant général; toutes activités liées aux prestations du bâtiment et actions immobilières, conception et réalisation de tous travaux de bâtiments; électricité générale basse tension et haute tension; installation, achat et vente d'appareil électriques, domotique, climatisations pompe à chaleur.",34270,Saint-Jean-de-Védas,34430,13328,43.5732,3.8329,Greffe du Tribunal de Commerce de Montpellier,,,F,Construction,41.20B,NN,2021-05-11,https://www.bodacc.fr/pages/annonces-commerciales-detail/?q.id=id:B202601812345,2026-09-22
B202601812346,modification,modification,0,899336747,WIC,"En France et à l'étranger, l'acquisition, en état futur achèvement ou achevés, l'apport, la propriété, la mise en valeur, la transformation, la construction, l'aménagement, la gestion, l'administration, la location et la vente de tous biens immobiliers, ainsi que de tous biens pouvant en constituer l'accessoire, l'annexe ou le complément",34151,Marsillargues,34590,6988,43.6376,4.1346,Greffe du Tribunal de Commerce de Montpellier,,,L,Activites immobilieres,68.10Z,NN,2021-04-19,https://www.bodacc.fr/pages/annonces-commerciales-detail/?q.id=id:B202601812346,2026-09-22
B202601812347,modification,modification,0,933341562,Whisper eF,"La Société a pour objet la conception, la recherche, le développement, la réalisation, l'assemblage, la construction de tous véhicules nautiques ou sous-marins, bateaux de toutes tailles et formes, utilisant notamment des hydrofoils avec/sans moteur. - Projets de recherche et développement de bateaux à foils à moteurs.",34301,Sète,34200,45337,43.3844,3.6441,Greffe du Tribunal de Commerce de Montpellier,,,C,Industrie manufacturiere,33.15Z,NN,2024-09-13,https://www.bodacc.fr/pages/annonces-commerciales-detail/?q.id=id:B202601812347,2026-09-22
C202601813775,depot_comptes,dpc,0,389476847,SOCIETE D EXPLOITATION DU CAMPING MARINA,,34329,Vendres,34350,2616,43.2569,3.2304,Greffe du Tribunal de Commerce de béziers,,,I,Hebergement et restauration,55.30Z,01,1992-10-01,https://www.bodacc.fr/pages/annonces-commerciales-detail/?q.id=id:C202601813775,2026-09-22
C202601813776,depot_comptes,dpc,0,444450639,IMAGE'IN,,34096,Faugères,34600,548,43.5665,3.174,Greffe du Tribunal de Commerce de béziers,,,J,Information et communication,58.19Z,01,2002-11-20,https://www.bodacc.fr/pages/annonces-commerciales-detail/?q.id=id:C202601813776,2026-09-22
C202601813777,depot_comptes,dpc,0,477487482,TERRA NOSTRA,,34094,Espondeilhan,34290,1268,43.4385,3.2594,Greffe du Tribunal de Commerce de béziers,,,L,Activites immobilieres,68.10Z,NN,2004-06-17,https://www.bodacc.fr/pages/annonces-commerciales-detail/?q.id=id:C202601813777,2026-09-22
C202601813778,depot_comptes,dpc,0,477487482,TERRA NOSTRA,,34094,Espondeilhan,34290,1268,43.4385,3.2594,Greffe du Tribunal de Commerce de béziers,,,L,Activites immobilieres,68.10Z,NN,2004-06-17,https://www.bodacc.fr/pages/annonces-commerciales-detail/?q.id=id:C202601813778,2026-09-22
C202601813779,depot_comptes,dpc,0,478259872,PLEIN SUD,,34003,Agde,34300,29939,43.3084,3.4838,Greffe du Tribunal de Commerce de béziers,,,L,Activites immobilieres,68.20A,NN,2003-12-01,https://www.bodacc.fr/pages/annonces-commerciales-detail/?q.id=id:C202601813779,2026-09-22
C202601813780,depot_comptes,dpc,0,521384446,HYDROSUD,,34155,Maureilhan,34370,2495,43.3517,3.0982,Greffe du Tribunal de Commerce de béziers,,,G,"Commerce, reparation d'automobiles",46.19B,02,2010-03-02,https://www.bodacc.fr/pages/annonces-commerciales-detail/?q.id=id:C202601813780,2026-09-22
C202601813781,depot_comptes,dpc,0,521514059,USA,,34003,Agde,34300,29939,43.3084,3.4838,Greffe du Tribunal de Commerce de béziers,,,I,Hebergement et restauration,56.10A,01,2010-04-02,https://www.bodacc.fr/pages/annonces-commerciales-detail/?q.id=id:C202601813781,2026-09-22
C202601813782,depot_comptes,dpc,0,538623117,PMC Hygiène,,34032,Béziers,34500,81545,43.3481,3.2342,Greffe du Tribunal de Commerce de béziers,,,G,"Commerce, reparation d'automobiles",46.44Z,NN,2011-12-19,https://www.bodacc.fr/pages/annonces-commerciales-detail/?q.id=id:C202601813782,2026-09-22
C202601813783,depot_comptes,dpc,0,813761616,SORIANO CONSTRUCTION,,34187,Olargues,34390,488,43.538,2.9173,Greffe du Tribunal de Commerce de béziers,,,F,Construction,43.99C,02,2015-09-09,https://www.bodacc.fr/pages/annonces-commerciales-detail/?q.id=id:C202601813783,2026-09-22
C202601813784,depot_comptes,dpc,0,817807399,EXCESS,,34032,Béziers,34500,81545,43.3481,3.2342,Greffe du Tribunal de Commerce de béziers,,,S,Autres activites de services,96.09Z,NN,2016-01-01,https://www.bodacc.fr/pages/annonces-commerciales-detail/?q.id=id:C202601813784,2026-09-22
C202601813785,depot_comptes,dpc,0,822233615,ELECTRICITE DU GRAND PIC,,34056,Castelnau-de-Guers,34120,1208,43.436,3.4718,Greffe du Tribunal de Commerce de béziers,,,F,Construction,43.21A,NN,2016-09-01,https://www.bodacc.fr/pages/annonces-commerciales-detail/?q.id=id:C202601813785,2026-09-22
C202601813786,depot_comptes,dpc,0,844358499,L'ATELIER DE FRANCK,,34081,Colombiers,34440,2814,43.3175,3.1415,Greffe du Tribunal de Commerce de béziers,,,I,Hebergement et restauration,56.21Z,01,2018-12-01,https://www.bodacc.fr/pages/annonces-commerciales-detail/?q.id=id:C202601813786,2026-09-22
C202601813787,depot_comptes,dpc,0,878134121,DD3F,,34063,Caux,34720,2718,43.5031,3.3709,Greffe du Tribunal de Commerce de béziers,,,I,Hebergement et restauration,55.20Z,NN,2019-10-03,https://www.bodacc.fr/pages/annonces-commerciales-detail/?q.id=id:C202601813787,2026-09-22
C202601813788,depot_comptes,dpc,0,883294910,BEN TRANSPORTE,,34065,Cazedarnes,34460,682,43.4225,3.0299,Greffe du Tribunal de Commerce de béziers,,,H,Transports et entreposage,49.41B,00,2020-05-15,https://www.bodacc.fr/pages/annonces-commerciales-detail/?q.id=id:C202601813788,2026-09-22
C202601813789,depot_comptes,dpc,0,904552973,AMI,,34324,Valras-Plage,34350,4432,43.2471,3.2909,Greffe du Tribunal de Commerce de béziers,,,I,Hebergement et restauration,56.10A,NN,2021-10-25,https://www.bodacc.fr/pages/annonces-commerciales-detail/?q.id=id:C202601813789,2026-09-22
C202601813790,depot_comptes,dpc,0,907877955,77 CONSULTING,,34032,Béziers,34500,81545,43.3481,3.2342,Greffe du Tribunal de Commerce de béziers,,,M,"Activites specialisees, scientifiques et techniques",70.22Z,NN,2021-12-01,https://www.bodacc.fr/pages/annonces-commerciales-detail/?q.id=id:C202601813790,2026-09-22
C202601813791,depot_comptes,dpc,0,910165109,ELIGE TRANSACTIONS,,34032,Béziers,34500,81545,43.3481,3.2342,Greffe du Tribunal de Commerce de béziers,,,L,Activites immobilieres,68.31Z,NN,2022-03-01,https://www.bodacc.fr/pages/annonces-commerciales-detail/?q.id=id:C202601813791,2026-09-22
C202601813792,depot_comptes,dpc,0,911305845,LA FAVORITE,,34332,Vias,34450,5952,43.3091,3.3948,Greffe du Tribunal de Commerce de béziers,,,R,"Arts, spectacles et activites recreatives",93.21Z,01,2022-02-23,https://www.bodacc.fr/pages/annonces-commerciales-detail/?q.id=id:C202601813792,2026-09-22
C202601813793,depot_comptes,dpc,0,928601756,Société Nouvelle Bonnet Loïc,,34003,Agde,34300,29939,43.3084,3.4838,Greffe du Tribunal de Commerce de béziers,,,F,Construction,43.21A,NN,2024-05-07,https://www.bodacc.fr/pages/annonces-commerciales-detail/?q.id=id:C202601813793,2026-09-22
C202601813794,depot_comptes,dpc,0,941018111,SARRAT CONSTRUCTION,,34207,Pomérols,34810,2299,43.3952,3.5142,Greffe du Tribunal de Commerce de béziers,,,F,Construction,43.99C,NN,2025-02-14,https://www.bodacc.fr/pages/annonces-commerciales-detail/?q.id=id:C202601813794,2026-09-22
C202601813795,depot_comptes,dpc,0,944233816,TPS CMLB,,34329,Vendres,34350,2616,43.2569,3.2304,Greffe du Tribunal de Commerce de béziers,,,H,Transports et entreposage,49.41A,NN,2025-05-01,https://www.bodacc.fr/pages/annonces-commerciales-detail/?q.id=id:C202601813795,2026-09-22
C202601813796,depot_comptes,dpc,0,322521766,MINERAUX INDUSTRIELS DE GAILLON,,34270,Saint-Jean-de-Védas,34430,13328,43.5732,3.8329,Greffe du Tribunal de Commerce de montpellier,,,B,Industries extractives,07.29Z,NN,1981-08-01,https://www.bodacc.fr/pages/annonces-commerciales-detail/?q.id=id:C202601813796,2026-09-22
C202601813797,depot_comptes,dpc,0,329059711,SOCIETE CARRIE ET FILS SARL,,34174,Moulès-et-Baucels,34190,875,43.9488,3.7561,Greffe du Tribunal de Commerce de montpellier,,,C,Industrie manufacturiere,32.50A,01,1984-01-01,https://www.bodacc.fr/pages/annonces-commerciales-detail/?q.id=id:C202601813797,2026-09-22
C202601813798,depot_comptes,dpc,0,341953800,BANCAREL ET COMPAGNIE SA,,34172,Montpellier,34000,310240,43.61,3.8742,Greffe du Tribunal de Commerce de montpellier,,,I,Hebergement et restauration,55.10Z,11,1987-08-03,https://www.bodacc.fr/pages/annonces-commerciales-detail/?q.id=id:C202601813798,2026-09-22
C202601813799,depot_comptes,dpc,0,342347895,COOPE GAZETTE,,34172,Montpellier,34000,310240,43.61,3.8742,Greffe du Tribunal de Commerce de montpellier,,,J,Information et communication,58.14Z,12,1987-10-20,https://www.bodacc.fr/pages/annonces-commerciales-detail/?q.id=id:C202601813799,2026-09-22
C202601813800,depot_comptes,dpc,0,344851985,TECHNIQUE D'ETANCHEITE ISOLATION INGENIERIE E.T.I.,,34327,Vendargues,34740,7262,43.6624,3.9657,Greffe du Tribunal de Commerce de montpellier,,,F,Construction,43.99A,11,1988-04-01,https://www.bodacc.fr/pages/annonces-commerciales-detail/?q.id=id:C202601813800,2026-09-22
C202601813801,depot_comptes,dpc,0,394815203,EGERIM CONSEIL,,34172,Montpellier,34000,310240,43.61,3.8742,Greffe du Tribunal de Commerce de montpellier,,,L,Activites immobilieres,68.31Z,02,1994-05-24,https://www.bodacc.fr/pages/annonces-commerciales-detail/?q.id=id:C202601813801,2026-09-22
C202601813802,depot_comptes,dpc,0,418567996,LE NORD SUD,,34023,Balaruc-les-Bains,34540,7139,43.4476,3.6922,Greffe du Tribunal de Commerce de montpellier,,,I,Hebergement et restauration,55.10Z,NN,1998-05-28,https://www.bodacc.fr/pages/annonces-commerciales-detail/?q.id=id:C202601813802,2026-09-22
C202601813803,depot_comptes,dpc,0,419654454,MENUISERIE EBENISTERIE DU SUD,,34341,Villeveyrac,34560,3972,43.4956,3.5931,Greffe du Tribunal de Commerce de montpellier,,,C,Industrie manufacturiere,31.02Z,01,1998-06-25,https://www.bodacc.fr/pages/annonces-commerciales-detail/?q.id=id:C202601813803,2026-09-22
C202601813804,depot_comptes,dpc,0,423822535,JERLAUSE,,34129,Lattes,34970,17351,43.567,3.899,Greffe du Tribunal de Commerce de montpellier,,,L,Activites immobilieres,68.20A,NN,1999-07-29,https://www.bodacc.fr/pages/annonces-commerciales-detail/?q.id=id:C202601813804,2026-09-22
C202601813805,depot_comptes,dpc,0,438387854,OCD 34,,34172,Montpellier,34070,310240,43.61,3.8742,Greffe du Tribunal de Commerce de montpellier,,,M,"Activites specialisees, scientifiques et techniques",71.12B,11,2001-07-02,https://www.bodacc.fr/pages/annonces-commerciales-detail/?q.id=id:C202601813805,2026-09-22
C202601813806,depot_comptes,dpc,0,439917071,CABINET MORIOUSSEF,,34172,Montpellier,34000,310240,43.61,3.8742,Greffe du Tribunal de Commerce de montpellier,,,Q,Sante humaine et action sociale,86.23Z,03,2001-09-01,https://www.bodacc.fr/pages/annonces-commerciales-detail/?q.id=id:C202601813806,2026-09-22
C202601813807,depot_comptes,dpc,0,448173690,BAR DE L'UNION,,34243,Saint-Bauzille-de-Putois,34190,1766,43.9025,3.757,Greffe du Tribunal de Commerce de montpellier,,,I,Hebergement et restauration,56.30Z,01,2003-04-01,https://www.bodacc.fr/pages/annonces-commerciales-detail/?q.id=id:C202601813807,2026-09-22
C202601813808,depot_comptes,dpc,0,450672654,ATHENA CLEAN AUTO,,34194,Paulhan,34230,4039,43.5378,3.4599,Greffe du Tribunal de Commerce de montpellier,,,G,"Commerce, reparation d'automobiles",45.20B,NN,2003-11-03,https://www.bodacc.fr/pages/annonces-commerciales-detail/?q.id=id:C202601813808,2026-09-22
C202601813809,depot_comptes,dpc,0,453472367,SARL FORTUNA,,34276,Saint-Mathieu-de-Tréviers,34270,4979,43.7679,3.8628,Greffe du Tribunal de Commerce de montpellier,,,C,Industrie manufacturiere,11.02B,01,2004-05-03,https://www.bodacc.fr/pages/annonces-commerciales-detail/?q.id=id:C202601813809,2026-09-22
C202601813810,depot_comptes,dpc,0,478894124,OPALIA,,34057,Castelnau-le-Lez,34170,26058,43.6372,3.9113,Greffe du Tribunal de Commerce de montpellier,,,F,Construction,41.10A,02,2004-10-01,https://www.bodacc.fr/pages/annonces-commerciales-detail/?q.id=id:C202601813810,2026-09-22
C202601813811,depot_comptes,dpc,0,480236546,SARL CBCP,,34145,Lunel,34400,26623,43.678,4.1329,Greffe du Tribunal de Commerce de montpellier,,,F,Construction,43.91B,02,2005-01-01,https://www.bodacc.fr/pages/annonces-commerciales-detail/?q.id=id:C202601813811,2026-09-22
C202601813812,depot_comptes,dpc,0,481564250,BUSCAYRET FLORENT,,34270,Saint-Jean-de-Védas,34430,13328,43.5732,3.8329,Greffe du Tribunal de Commerce de montpellier,,,Q,Sante humaine et action sociale,86.21Z,01,2005-04-04,https://www.bodacc.fr/pages/annonces-commerciales-detail/?q.id=id:C202601813812,2026-09-22
C202601813813,depot_comptes,dpc,0,484618863,FINESTRE,,34154,Mauguio,34130,16522,43.5915,4.0128,Greffe du Tribunal de Commerce de montpellier,,,K,Activites financieres et d'assurance,64.20Z,01,2005-11-01,https://www.bodacc.fr/pages/annonces-commerciales-detail/?q.id=id:C202601813813,2026-09-22
C202601813814,depot_comptes,dpc,0,488251364,PILAUKA,,34057,Castelnau-le-Lez,34170,26058,43.6372,3.9113,Greffe du Tribunal de Commerce de montpellier,,,N,Services administratifs et de soutien,82.99Z,NN,2006-01-26,https://www.bodacc.fr/pages/annonces-commerciales-detail/?q.id=id:C202601813814,2026-09-22
C202601813815,depot_comptes,dpc,0,508818390,EXOFIL,,34172,Montpellier,34090,310240,43.61,3.8742,Greffe du Tribunal de Commerce de montpellier,,,J,Information et communication,62.02A,NN,2008-11-17,https://www.bodacc.fr/pages/annonces-commerciales-detail/?q.id=id:C202601813815,2026-09-22
C202601813816,depot_comptes,dpc,0,511964777,LE PRESSOIR,,34287,Saint-Saturnin-de-Lucian,34725,303,43.7085,3.4685,Greffe du Tribunal de Commerce de montpellier,,,I,Hebergement et restauration,56.10A,02,2009-04-21,https://www.bodacc.fr/pages/annonces-commerciales-detail/?q.id=id:C202601813816,2026-09-22
C202601813817,depot_comptes,dpc,0,515236800,TRANSPORT LICO,,34087,Cournonsec,34660,3616,43.5395,3.7024,Greffe du Tribunal de Commerce de montpellier,,,H,Transports et entreposage,49.41A,03,2009-10-10,https://www.bodacc.fr/pages/annonces-commerciales-detail/?q.id=id:C202601813817,2026-09-22
C202601813818,depot_comptes,dpc,0,518618426,CP JARDINS & SERVICES,,34154,Mauguio,34130,16522,43.5915,4.0128,Greffe du Tribunal de Commerce de montpellier,,,N,Services administratifs et de soutien,81.30Z,03,2010-01-01,https://www.bodacc.fr/pages/annonces-commerciales-detail/?q.id=id:C202601813818,2026-09-22
C202601813819,depot_comptes,dpc,0,522108950,PHARMA NATURE,,34327,Vendargues,34740,7262,43.6624,3.9657,Greffe du Tribunal de Commerce de montpellier,,,C,Industrie manufacturiere,10.89Z,21,2010-05-01,https://www.bodacc.fr/pages/annonces-commerciales-detail/?q.id=id:C202601813819,2026-09-22
C202601813820,depot_comptes,dpc,0,522571249,AD-DM CONSULTING,,34172,Montpellier,34090,310240,43.61,3.8742,Greffe du Tribunal de Commerce de montpellier,,,M,"Activites specialisees, scientifiques et techniques",70.22Z,NN,2010-05-18,https://www.bodacc.fr/pages/annonces-commerciales-detail/?q.id=id:C202601813820,2026-09-22
C202601813821,depot_comptes,dpc,0,522888387,OCCITAN'UP,,34172,Montpellier,34070,310240,43.61,3.8742,Greffe du Tribunal de Commerce de montpellier,,,I,Hebergement et restauration,56.10C,02,2010-07-01,https://www.bodacc.fr/pages/annonces-commerciales-detail/?q.id=id:C202601813821,2026-09-22
C202601813822,depot_comptes,dpc,0,524471992,TRANSPORTS PRESENCE HOLDING,,34116,Grabels,34790,9092,43.6503,3.7894,Greffe du Tribunal de Commerce de montpellier,,,K,Activites financieres et d'assurance,64.20Z,NN,2010-08-16,https://www.bodacc.fr/pages/annonces-commerciales-detail/?q.id=id:C202601813822,2026-09-22
C202601813823,depot_comptes,dpc,0,527633697,N.M.,,34142,Lodève,34700,7251,43.7296,3.2949,Greffe du Tribunal de Commerce de montpellier,,,I,Hebergement et restauration,56.10A,02,2010-10-01,https://www.bodacc.fr/pages/annonces-commerciales-detail/?q.id=id:C202601813823,2026-09-22
C202601813824,depot_comptes,dpc,0,529948234,LES NUANCES DU MIDI,,34259,Saint-Georges-d'Orques,34680,5676,43.6167,3.775,Greffe du Tribunal de Commerce de montpellier,,,F,Construction,43.34Z,01,2011-01-01,https://www.bodacc.fr/pages/annonces-commerciales-detail/?q.id=id:C202601813824,2026-09-22
C202601813825,depot_comptes,dpc,0,532960945,ARTIZING,,34343,Viols-le-Fort,34380,1229,43.735,3.6901,Greffe du Tribunal de Commerce de montpellier,,,F,Construction,43.91A,NN,2011-07-01,https://www.bodacc.fr/pages/annonces-commerciales-detail/?q.id=id:C202601813825,2026-09-22
C202601813826,depot_comptes,dpc,0,533173167,AILEMATIC,,34108,Frontignan,34110,24136,43.4486,3.7493,Greffe du Tribunal de Commerce de montpellier,,,F,Construction,43.21A,NN,2011-06-01,https://www.bodacc.fr/pages/annonces-commerciales-detail/?q.id=id:C202601813826,2026-09-22
C202601813827,depot_comptes,dpc,0,534411525,PIECES EXPRESS,,34113,Gigean,34770,6639,43.4953,3.7242,Greffe du Tribunal de Commerce de montpellier,,,G,"Commerce, reparation d'automobiles",45.32Z,02,2011-09-01,https://www.bodacc.fr/pages/annonces-commerciales-detail/?q.id=id:C202601813827,2026-09-22
C202601813828,depot_comptes,dpc,0,538657289,OPTI CONSULTANTS,,34058,Castries,34160,6883,43.6905,3.9853,Greffe du Tribunal de Commerce de montpellier,,,M,"Activites specialisees, scientifiques et techniques",71.12B,01,2012-01-02,https://www.bodacc.fr/pages/annonces-commerciales-detail/?q.id=id:C202601813828,2026-09-22
C202601813829,depot_comptes,dpc,0,751388653,AGENCE MUNOZ SABINE,,34154,Mauguio,34130,16522,43.5915,4.0128,Greffe du Tribunal de Commerce de montpellier,,,K,Activites financieres et d'assurance,66.22Z,NN,2012-05-01,https://www.bodacc.fr/pages/annonces-commerciales-detail/?q.id=id:C202601813829,2026-09-22
C202601813830,depot_comptes,dpc,0,752146365,DAMA,,34157,Mèze,34140,12669,43.4323,3.5843,Greffe du Tribunal de Commerce de montpellier,,,K,Activites financieres et d'assurance,66.19B,01,2012-06-01,https://www.bodacc.fr/pages/annonces-commerciales-detail/?q.id=id:C202601813830,2026-09-22
C202601813831,depot_comptes,dpc,0,752859231,LA LUNETTERIE BALARUCOISE,,34024,Balaruc-le-Vieux,34540,2737,43.465,3.6971,Greffe du Tribunal de Commerce de montpellier,,,G,"Commerce, reparation d'automobiles",47.78A,02,2012-07-19,https://www.bodacc.fr/pages/annonces-commerciales-detail/?q.id=id:C202601813831,2026-09-22
C202601813832,depot_comptes,dpc,0,788713170,SARAH CREATION,,34090,Le Crès,34920,9226,43.6513,3.9343,Greffe du Tribunal de Commerce de montpellier,,,S,Autres activites de services,96.02A,03,2012-10-10,https://www.bodacc.fr/pages/annonces-commerciales-detail/?q.id=id:C202601813832,2026-09-22
C202601813833,depot_comptes,dpc,0,789910072,M.A. DIETETIQUE,,34079,Clermont-l'Hérault,34800,9461,43.6323,3.4017,Greffe du Tribunal de Commerce de montpellier,,,G,"Commerce, reparation d'automobiles",47.29Z,01,2012-12-03,https://www.bodacc.fr/pages/annonces-commerciales-detail/?q.id=id:C202601813833,2026-09-22
C202601813834,depot_comptes,dpc,0,790287247,NOSY LR,,34327,Vendargues,34740,7262,43.6624,3.9657,Greffe du Tribunal de Commerce de montpellier,,,F,Construction,43.34Z,NN,2013-01-07,https://www.bodacc.fr/pages/annonces-commerciales-detail/?q.id=id:C202601813834,2026-09-22
C202601813835,depot_comptes,dpc,0,790951982,TNS FORMATION,,34172,Montpellier,34000,310240,43.61,3.8742,Greffe du Tribunal de Commerce de montpellier,,,P,Enseignement,85.59A,NN,2013-02-01,https://www.bodacc.fr/pages/annonces-commerciales-detail/?q.id=id:C202601813835,2026-09-22
C202601813836,depot_comptes,dpc,0,792347718,AGENCE NATIONALE FRANCAISE EN COMMUNICATION INTERNET,,34340,Villetelle,34400,1768,43.7248,4.1381,Greffe du Tribunal de Commerce de montpellier,,,J,Information et communication,62.01Z,02,2013-03-01,https://www.bodacc.fr/pages/annonces-commerciales-detail/?q.id=id:C202601813836,2026-09-22
C202601813837,depot_comptes,dpc,0,793132465,LEDPOWERLIGHT,,34172,Montpellier,34070,310240,43.61,3.8742,Greffe du Tribunal de Commerce de montpellier,,,G,"Commerce, reparation d'automobiles",47.91B,01,2013-05-02,https://www.bodacc.fr/pages/annonces-commerciales-detail/?q.id=id:C202601813837,2026-09-22
C202601813838,depot_comptes,dpc,0,797802238,WESTPHAL CONSEIL,,34172,Montpellier,34000,310240,43.61,3.8742,Greffe du Tribunal de Commerce de montpellier,,,M,"Activites specialisees, scientifiques et techniques",70.22Z,NN,2013-02-25,https://www.bodacc.fr/pages/annonces-commerciales-detail/?q.id=id:C202601813838,2026-09-22
C202601813839,depot_comptes,dpc,0,798043857,LJDT SERVICES,,34154,Mauguio,34130,16522,43.5915,4.0128,Greffe du Tribunal de Commerce de montpellier,,,N,Services administratifs et de soutien,81.30Z,01,2013-10-08,https://www.bodacc.fr/pages/annonces-commerciales-detail/?q.id=id:C202601813839,2026-09-22
C202601813840,depot_comptes,dpc,0,799468657,CARUANA,,34128,Laroque,34190,1668,43.9253,3.7333,Greffe du Tribunal de Commerce de montpellier,,,F,Construction,43.21A,NN,2014-01-01,https://www.bodacc.fr/pages/annonces-commerciales-detail/?q.id=id:C202601813840,2026-09-22
C202601813841,depot_comptes,dpc,0,800346819,GENERATION IMPRIMEUR,,34301,Sète,34200,45337,43.3844,3.6441,Greffe du Tribunal de Commerce de montpellier,,,M,"Activites specialisees, scientifiques et techniques",70.21Z,NN,2014-01-15,https://www.bodacc.fr/pages/annonces-commerciales-detail/?q.id=id:C202601813841,2026-09-22
C202601813842,depot_comptes,dpc,0,800892754,GELYSOFT,,34047,Campagnan,34230,714,43.5406,3.4936,Greffe du Tribunal de Commerce de montpellier,,,J,Information et communication,58.29C,01,2014-04-07,https://www.bodacc.fr/pages/annonces-commerciales-detail/?q.id=id:C202601813842,2026-09-22
C202601813843,depot_comptes,dpc,0,804773596,M-LOU,,34172,Montpellier,34000,310240,43.61,3.8742,Greffe du Tribunal de Commerce de montpellier,,,S,Autres activites de services,96.02A,02,2014-10-01,https://www.bodacc.fr/pages/annonces-commerciales-detail/?q.id=id:C202601813843,2026-09-22
C202601813844,depot_comptes,dpc,0,805233244,DANIELA PARITO ARCHITECTURE,,34172,Montpellier,34090,310240,43.61,3.8742,Greffe du Tribunal de Commerce de montpellier,,,M,"Activites specialisees, scientifiques et techniques",71.11Z,NN,2014-09-16,https://www.bodacc.fr/pages/annonces-commerciales-detail/?q.id=id:C202601813844,2026-09-22
C202601813845,depot_comptes,dpc,0,808278089,CODÉIN,,34172,Montpellier,34000,310240,43.61,3.8742,Greffe du Tribunal de Commerce de montpellier,,,J,Information et communication,62.02A,12,2014-12-01,https://www.bodacc.fr/pages/annonces-commerciales-detail/?q.id=id:C202601813845,2026-09-22
C202601813846,depot_comptes,dpc,0,811802297,BEYROUTH,,34154,Mauguio,34130,16522,43.5915,4.0128,Greffe du Tribunal de Commerce de montpellier,,,I,Hebergement et restauration,56.10A,02,2015-06-05,https://www.bodacc.fr/pages/annonces-commerciales-detail/?q.id=id:C202601813846,2026-09-22
C202601813847,depot_comptes,dpc,0,812481059,ETHIC,,34270,Saint-Jean-de-Védas,34430,13328,43.5732,3.8329,Greffe du Tribunal de Commerce de montpellier,,,N,Services administratifs et de soutien,82.99Z,03,2015-07-01,https://www.bodacc.fr/pages/annonces-commerciales-detail/?q.id=id:C202601813847,2026-09-22
C202601813848,depot_comptes,dpc,0,812758647,LERONOMA,,34281,Saint-Pargoire,34230,2501,43.5268,3.5416,Greffe du Tribunal de Commerce de montpellier,,,L,Activites immobilieres,68.32A,NN,2015-07-09,https://www.bodacc.fr/pages/annonces-commerciales-detail/?q.id=id:C202601813848,2026-09-22
C202601813849,depot_comptes,dpc,0,814523825,MAISON CHRISTOFOLI,,34198,Pérols,34470,9615,43.5609,3.9512,Greffe du Tribunal de Commerce de montpellier,,,G,"Commerce, reparation d'automobiles",47.21Z,01,2015-10-27,https://www.bodacc.fr/pages/annonces-commerciales-detail/?q.id=id:C202601813849,2026-09-22
C202601813850,depot_comptes,dpc,0,814768842,ETABLISSEMENTS BALSALOBRE - SUD RECYCLAGE,,34320,Vailhauquès,34570,2722,43.6652,3.7304,Greffe du Tribunal de Commerce de montpellier,,,E,"Eau, assainissement, dechets",38.32Z,12,2015-11-19,https://www.bodacc.fr/pages/annonces-commerciales-detail/?q.id=id:C202601813850,2026-09-22
C202601813851,depot_comptes,dpc,0,814915203,LIERVAL,,34022,Baillargues,34670,7829,43.6565,4.0102,Greffe du Tribunal de Commerce de montpellier,,,L,Activites immobilieres,68.20A,NN,2015-10-26,https://www.bodacc.fr/pages/annonces-commerciales-detail/?q.id=id:C202601813851,2026-09-22
C202601813852,depot_comptes,dpc,0,818001232,ATELIER F ARCHITECTURE,,34333,Vic-la-Gardiole,34110,3428,43.4838,3.8046,Greffe du Tribunal de Commerce de montpellier,,,M,"Activites specialisees, scientifiques et techniques",71.11Z,NN,2016-01-18,https://www.bodacc.fr/pages/annonces-commerciales-detail/?q.id=id:C202601813852,2026-09-22
C202601813853,depot_comptes,dpc,0,818339541,OCCITANIE SECURITE INCENDIE,,34320,Vailhauquès,34570,2722,43.6652,3.7304,Greffe du Tribunal de Commerce de montpellier,,,G,"Commerce, reparation d'automobiles",46.69B,NN,2016-01-26,https://www.bodacc.fr/pages/annonces-commerciales-detail/?q.id=id:C202601813853,2026-09-22
C202601813854,depot_comptes,dpc,0,818647299,SUN SETE,,34301,Sète,34200,45337,43.3844,3.6441,Greffe du Tribunal de Commerce de montpellier,,,G,"Commerce, reparation d'automobiles",47.71Z,02,2016-02-23,https://www.bodacc.fr/pages/annonces-commerciales-detail/?q.id=id:C202601813854,2026-09-22
C202601813855,depot_comptes,dpc,0,818786436,DEMANNEVILLE-PLISSON,,34172,Montpellier,34000,310240,43.61,3.8742,Greffe du Tribunal de Commerce de montpellier,,,I,Hebergement et restauration,56.10A,NN,2016-03-02,https://www.bodacc.fr/pages/annonces-commerciales-detail/?q.id=id:C202601813855,2026-09-22
C202601813856,depot_comptes,dpc,0,819447921,SMART TALE GAMES,,34172,Montpellier,34000,310240,43.61,3.8742,Greffe du Tribunal de Commerce de montpellier,,,J,Information et communication,58.29C,NN,2016-03-03,https://www.bodacc.fr/pages/annonces-commerciales-detail/?q.id=id:C202601813856,2026-09-22
C202601813857,depot_comptes,dpc,0,819706177,DIGIT'ALL FRANCE,,34340,Villetelle,34400,1768,43.7248,4.1381,Greffe du Tribunal de Commerce de montpellier,,,J,Information et communication,62.02A,NN,2016-04-01,https://www.bodacc.fr/pages/annonces-commerciales-detail/?q.id=id:C202601813857,2026-09-22
C202601813858,depot_comptes,dpc,0,819821562,RENO,,34255,Saint-Gély-du-Fesc,34980,10472,43.6897,3.81,Greffe du Tribunal de Commerce de montpellier,,,L,Activites immobilieres,68.20B,NN,2016-04-13,https://www.bodacc.fr/pages/annonces-commerciales-detail/?q.id=id:C202601813858,2026-09-22
C202601813859,depot_comptes,dpc,0,820644508,BULLE DE PETITOU,,34210,Le Pouget,34230,2122,43.5919,3.5184,Greffe du Tribunal de Commerce de montpellier,,,Q,Sante humaine et action sociale,88.91A,02,2016-06-01,https://www.bodacc.fr/pages/annonces-commerciales-detail/?q.id=id:C202601813859,2026-09-22
C202601813860,depot_comptes,dpc,0,821843950,PAUSE BEAUTE,,34172,Montpellier,34000,310240,43.61,3.8742,Greffe du Tribunal de Commerce de montpellier,,,S,Autres activites de services,96.02B,01,2016-07-21,https://www.bodacc.fr/pages/annonces-commerciales-detail/?q.id=id:C202601813860,2026-09-22
C202601813861,depot_comptes,dpc,0,822026217,OPALIA INVEST,,34057,Castelnau-le-Lez,34170,26058,43.6372,3.9113,Greffe du Tribunal de Commerce de montpellier,,,M,"Activites specialisees, scientifiques et techniques",70.10Z,NN,2016-08-04,https://www.bodacc.fr/pages/annonces-commerciales-detail/?q.id=id:C202601813861,2026-09-22
C202601813862,depot_comptes,dpc,0,822422424,ARECOD,,34217,Prades-le-Lez,34730,6184,43.7079,3.8648,Greffe du Tribunal de Commerce de montpellier,,,M,"Activites specialisees, scientifiques et techniques",74.10Z,NN,2016-09-01,https://www.bodacc.fr/pages/annonces-commerciales-detail/?q.id=id:C202601813862,2026-09-22
C202601813863,depot_comptes,dpc,0,822738191,"MONTPELLIERAINE DE COPROPRIETE ""MDC""",,34172,Montpellier,34000,310240,43.61,3.8742,Greffe du Tribunal de Commerce de montpellier,,,L,Activites immobilieres,68.32A,00,2016-08-05,https://www.bodacc.fr/pages/annonces-commerciales-detail/?q.id=id:C202601813863,2026-09-22
C202601813864,depot_comptes,dpc,0,823238878,LEFEBVRE B,,34058,Castries,34160,6883,43.6905,3.9853,Greffe du Tribunal de Commerce de montpellier,,,L,Activites immobilieres,68.20B,NN,2016-10-06,https://www.bodacc.fr/pages/annonces-commerciales-detail/?q.id=id:C202601813864,2026-09-22
C202601813865,depot_comptes,dpc,0,823238878,LEFEBVRE B,,34058,Castries,34160,6883,43.6905,3.9853,Greffe du Tribunal de Commerce de montpellier,,,L,Activites immobilieres,68.20B,NN,2016-10-06,https://www.bodacc.fr/pages/annonces-commerciales-detail/?q.id=id:C202601813865,2026-09-22
C202601813866,depot_comptes,dpc,0,824882864,OPALIA GROUPE,,34057,Castelnau-le-Lez,34170,26058,43.6372,3.9113,Greffe du Tribunal de Commerce de montpellier,,,M,"Activites specialisees, scientifiques et techniques",70.10Z,NN,2016-12-13,https://www.bodacc.fr/pages/annonces-commerciales-detail/?q.id=id:C202601813866,2026-09-22
C202601813867,depot_comptes,dpc,0,828219303,Chirurgie Plastique Ultra Structure,,34172,Montpellier,34000,310240,43.61,3.8742,Greffe du Tribunal de Commerce de montpellier,,,K,Activites financieres et d'assurance,64.20Z,NN,2017-02-20,https://www.bodacc.fr/pages/annonces-commerciales-detail/?q.id=id:C202601813867,2026-09-22
C202601813868,depot_comptes,dpc,0,829926401,LES DEUX D,,34301,Sète,34200,45337,43.3844,3.6441,Greffe du Tribunal de Commerce de montpellier,,,G,"Commerce, reparation d'automobiles",47.26Z,NN,2017-05-30,https://www.bodacc.fr/pages/annonces-commerciales-detail/?q.id=id:C202601813868,2026-09-22
C202601813869,depot_comptes,dpc,0,831242755,PILODITO GROUPE,,34154,Mauguio,34130,16522,43.5915,4.0128,Greffe du Tribunal de Commerce de montpellier,,,N,Services administratifs et de soutien,82.11Z,NN,2017-07-20,https://www.bodacc.fr/pages/annonces-commerciales-detail/?q.id=id:C202601813869,2026-09-22
C202601813870,depot_comptes,dpc,0,834382582,ATELIER FER DESIGN,,34270,Saint-Jean-de-Védas,34430,13328,43.5732,3.8329,Greffe du Tribunal de Commerce de montpellier,,,F,Construction,43.32B,01,2018-01-01,https://www.bodacc.fr/pages/annonces-commerciales-detail/?q.id=id:C202601813870,2026-09-22
C202601813871,depot_comptes,dpc,0,834974685,OPALIA PROPERTY,,34057,Castelnau-le-Lez,34170,26058,43.6372,3.9113,Greffe du Tribunal de Commerce de montpellier,,,L,Activites immobilieres,68.20B,NN,2018-01-18,https://www.bodacc.fr/pages/annonces-commerciales-detail/?q.id=id:C202601813871,2026-09-22
C202601813872,depot_comptes,dpc,0,838025906,RM2T,,34172,Montpellier,34000,310240,43.61,3.8742,Greffe du Tribunal de Commerce de montpellier,,,L,Activites immobilieres,68.20B,NN,2018-03-02,https://www.bodacc.fr/pages/annonces-commerciales-detail/?q.id=id:C202601813872,2026-09-22
C202601813873,depot_comptes,dpc,0,838838902,OPALIA COMMERCIALISATION,,34057,Castelnau-le-Lez,34170,26058,43.6372,3.9113,Greffe du Tribunal de Commerce de montpellier,,,F,Construction,41.10A,01,2017-12-22,https://www.bodacc.fr/pages/annonces-commerciales-detail/?q.id=id:C202601813873,2026-09-22
C202601813874,depot_comptes,dpc,0,839467271,SO SMART,,34129,Lattes,34970,17351,43.567,3.899,Greffe du Tribunal de Commerce de montpellier,,,Z,Secteur non renseigne,,,,https://www.bodacc.fr/pages/annonces-commerciales-detail/?q.id=id:C202601813874,2026-09-22
C202601813875,depot_comptes,dpc,0,839730710,FMAC SYSTEMES,,34058,Castries,34160,6883,43.6905,3.9853,Greffe du Tribunal de Commerce de montpellier,,,Z,Secteur non renseigne,,,,https://www.bodacc.fr/pages/annonces-commerciales-detail/?q.id=id:C202601813875,2026-09-22
C202601813876,depot_comptes,dpc,0,840437412,HP DIFFUSION,,34270,Saint-Jean-de-Védas,34430,13328,43.5732,3.8329,Greffe du Tribunal de Commerce de montpellier,,,Z,Secteur non renseigne,,,,https://www.bodacc.fr/pages/annonces-commerciales-detail/?q.id=id:C202601813876,2026-09-22
C202601813877,depot_comptes,dpc,0,840578082,Cabinet Dentaire de la Bornière,,34202,Pignan,34570,8431,43.5819,3.742,Greffe du Tribunal de Commerce de montpellier,,,Z,Secteur non renseigne,,,,https://www.bodacc.fr/pages/annonces-commerciales-detail/?q.id=id:C202601813877,2026-09-22
C202601813878,depot_comptes,dpc,0,841375223,CHEESE NAN 2,,34172,Montpellier,34070,310240,43.61,3.8742,Greffe du Tribunal de Commerce de montpellier,,,Z,Secteur non renseigne,,,,https://www.bodacc.fr/pages/annonces-commerciales-detail/?q.id=id:C202601813878,2026-09-22
C202601813879,depot_comptes,dpc,0,841638976,DR NURI RENAUD,,34023,Balaruc-les-Bains,34540,7139,43.4476,3.6922,Greffe du Tribunal de Commerce de montpellier,,,Z,Secteur non renseigne,,,,https://www.bodacc.fr/pages/annonces-commerciales-detail/?q.id=id:C202601813879,2026-09-22
C202601813880,depot_comptes,dpc,0,842501025,FINANCIERE FIVE & CO,,34172,Montpellier,34086,310240,43.61,3.8742,Greffe du Tribunal de Commerce de montpellier,,,Z,Secteur non renseigne,,,,https://www.bodacc.fr/pages/annonces-commerciales-detail/?q.id=id:C202601813880,2026-09-22
C202601813881,depot_comptes,dpc,0,845349976,JEAN DOMINGUES,,34301,Sète,34200,45337,43.3844,3.6441,Greffe du Tribunal de Commerce de montpellier,,,Z,Secteur non renseigne,,,,https://www.bodacc.fr/pages/annonces-commerciales-detail/?q.id=id:C202601813881,2026-09-22
C202601813882,depot_comptes,dpc,0,848422143,TACOS STREET,,34172,Montpellier,34000,310240,43.61,3.8742,Greffe du Tribunal de Commerce de montpellier,,,Z,Secteur non renseigne,,,,https://www.bodacc.fr/pages/annonces-commerciales-detail/?q.id=id:C202601813882,2026-09-22
C202601813883,depot_comptes,dpc,0,848601621,C.N.C,,34172,Montpellier,34000,310240,43.61,3.8742,Greffe du Tribunal de Commerce de montpellier,,,Z,Secteur non renseigne,,,,https://www.bodacc.fr/pages/annonces-commerciales-detail/?q.id=id:C202601813883,2026-09-22
C202601813884,depot_comptes,dpc,0,850828880,ARTNEXT GALLERY,,34270,Saint-Jean-de-Védas,34430,13328,43.5732,3.8329,Greffe du Tribunal de Commerce de montpellier,,,Z,Secteur non renseigne,,,,https://www.bodacc.fr/pages/annonces-commerciales-detail/?q.id=id:C202601813884,2026-09-22
C202601813885,depot_comptes,dpc,0,851826677,PROPRETE HABITAT SERVICES,,34270,Saint-Jean-de-Védas,34430,13328,43.5732,3.8329,Greffe du Tribunal de Commerce de montpellier,,,Z,Secteur non renseigne,,,,https://www.bodacc.fr/pages/annonces-commerciales-detail/?q.id=id:C202601813885,2026-09-22
C202601813886,depot_comptes,dpc,0,852378785,CAPPREV,,34210,Le Pouget,34230,2122,43.5919,3.5184,Greffe du Tribunal de Commerce de montpellier,,,Z,Secteur non renseigne,,,,https://www.bodacc.fr/pages/annonces-commerciales-detail/?q.id=id:C202601813886,2026-09-22
C202601813887,depot_comptes,dpc,0,877863704,CABINET MERCIER MAITRISE D'OEUVRE,,34270,Saint-Jean-de-Védas,34430,13328,43.5732,3.8329,Greffe du Tribunal de Commerce de montpellier,,,Z,Secteur non renseigne,,,,https://www.bodacc.fr/pages/annonces-commerciales-detail/?q.id=id:C202601813887,2026-09-22
C202601813888,depot_comptes,dpc,0,879053015,RONDEPIERRE,,34301,Sète,34200,45337,43.3844,3.6441,Greffe du Tribunal de Commerce de montpellier,,,Z,Secteur non renseigne,,,,https://www.bodacc.fr/pages/annonces-commerciales-detail/?q.id=id:C202601813888,2026-09-22
C202601813889,depot_comptes,dpc,0,881052377,ASSIF HABITAT,,34172,Montpellier,34070,310240,43.61,3.8742,Greffe du Tribunal de Commerce de montpellier,,,Z,Secteur non renseigne,,,,https://www.bodacc.fr/pages/annonces-commerciales-detail/?q.id=id:C202601813889,2026-09-22
C202601813890,depot_comptes,dpc,0,881970388,CYLTERROIR,,34174,Moulès-et-Baucels,34190,875,43.9488,3.7561,Greffe du Tribunal de Commerce de montpellier,,,Z,Secteur non renseigne,,,,https://www.bodacc.fr/pages/annonces-commerciales-detail/?q.id=id:C202601813890,2026-09-22
C202601813891,depot_comptes,dpc,0,887720704,PIERRE LE GRAND,,34172,Montpellier,34000,310240,43.61,3.8742,Greffe du Tribunal de Commerce de montpellier,,,Z,Secteur non renseigne,,,,https://www.bodacc.fr/pages/annonces-commerciales-detail/?q.id=id:C202601813891,2026-09-22
C202601813892,depot_comptes,dpc,0,887953123,ASP INVEST,,34087,Cournonsec,34660,3616,43.5395,3.7024,Greffe du Tribunal de Commerce de montpellier,,,Z,Secteur non renseigne,,,,https://www.bodacc.fr/pages/annonces-commerciales-detail/?q.id=id:C202601813892,2026-09-22
C202601813893,depot_comptes,dpc,0,887991370,ARC EN CIEL,,34088,Cournonterral,34660,7359,43.5712,3.7072,Greffe du Tribunal de Commerce de montpellier,,,Z,Secteur non renseigne,,,,https://www.bodacc.fr/pages/annonces-commerciales-detail/?q.id=id:C202601813893,2026-09-22
C202601813894,depot_comptes,dpc,0,888214996,LE CHAUDRON DU ROC,,34128,Laroque,34190,1668,43.9253,3.7333,Greffe du Tribunal de Commerce de montpellier,,,Z,Secteur non renseigne,,,,https://www.bodacc.fr/pages/annonces-commerciales-detail/?q.id=id:C202601813894,2026-09-22
C202601813895,depot_comptes,dpc,0,888842846,VOTRE HABITAT,,34172,Montpellier,34080,310240,43.61,3.8742,Greffe du Tribunal de Commerce de montpellier,,,Z,Secteur non renseigne,,,,https://www.bodacc.fr/pages/annonces-commerciales-detail/?q.id=id:C202601813895,2026-09-22
C202601813896,depot_comptes,dpc,0,890013204,MOULIN DE LASTEND,,34036,Le Bosc,34700,1435,43.6985,3.3896,Greffe du Tribunal de Commerce de montpellier,,,Z,Secteur non renseigne,,,,https://www.bodacc.fr/pages/annonces-commerciales-detail/?q.id=id:C202601813896,2026-09-22
C202601813897,depot_comptes,dpc,0,893731877,LINKS4Values,,34090,Le Crès,34920,9226,43.6513,3.9343,Greffe du Tribunal de Commerce de montpellier,,,Z,Secteur non renseigne,,,,https://www.bodacc.fr/pages/annonces-commerciales-detail/?q.id=id:C202601813897,2026-09-22
C202601813898,depot_comptes,dpc,0,897522520,BIG INVEST,,34172,Montpellier,34070,310240,43.61,3.8742,Greffe du Tribunal de Commerce de montpellier,,,Z,Secteur non renseigne,,,,https://www.bodacc.fr/pages/annonces-commerciales-detail/?q.id=id:C202601813898,2026-09-22
C202601813899,depot_comptes,dpc,0,898011937,TERRA MURA,,34259,Saint-Georges-d'Orques,34680,5676,43.6167,3.775,Greffe du Tribunal de Commerce de montpellier,,,Z,Secteur non renseigne,,,,https://www.bodacc.fr/pages/annonces-commerciales-detail/?q.id=id:C202601813899,2026-09-22
C202601813900,depot_comptes,dpc,0,898201876,4C LODOVA,,34142,Lodève,34700,7251,43.7296,3.2949,Greffe du Tribunal de Commerce de montpellier,,,Z,Secteur non renseigne,,,,https://www.bodacc.fr/pages/annonces-commerciales-detail/?q.id=id:C202601813900,2026-09-22
C202601813901,depot_comptes,dpc,0,900228354,HPP CREVO,,34172,Montpellier,34070,310240,43.61,3.8742,Greffe du Tribunal de Commerce de montpellier,,,Z,Secteur non renseigne,,,,https://www.bodacc.fr/pages/annonces-commerciales-detail/?q.id=id:C202601813901,2026-09-22
C202601813902,depot_comptes,dpc,0,901029082,BIG M COMEDIE,,34172,Montpellier,34000,310240,43.61,3.8742,Greffe du Tribunal de Commerce de montpellier,,,Z,Secteur non renseigne,,,,https://www.bodacc.fr/pages/annonces-commerciales-detail/?q.id=id:C202601813902,2026-09-22
C202601813903,depot_comptes,dpc,0,902304666,ARRAKIS,,34255,Saint-Gély-du-Fesc,34980,10472,43.6897,3.81,Greffe du Tribunal de Commerce de montpellier,,,Z,Secteur non renseigne,,,,https://www.bodacc.fr/pages/annonces-commerciales-detail/?q.id=id:C202601813903,2026-09-22
C202601813904,depot_comptes,dpc,0,902730878,QUIZAS,,34301,Sète,34200,45337,43.3844,3.6441,Greffe du Tribunal de Commerce de montpellier,,,Z,Secteur non renseigne,,,,https://www.bodacc.fr/pages/annonces-commerciales-detail/?q.id=id:C202601813904,2026-09-22
C202601813905,depot_comptes,dpc,0,903246932,LMK TECH,,34172,Montpellier,34080,310240,43.61,3.8742,Greffe du Tribunal de Commerce de montpellier,,,Z,Secteur non renseigne,,,,https://www.bodacc.fr/pages/annonces-commerciales-detail/?q.id=id:C202601813905,2026-09-22
C202601813906,depot_comptes,dpc,0,904043726,EXTERIEUR BOIS 34,,34249,Saint-Drézéry,34160,3006,43.7308,3.9764,Greffe du Tribunal de Commerce de montpellier,,,Z,Secteur non renseigne,,,,https://www.bodacc.fr/pages/annonces-commerciales-detail/?q.id=id:C202601813906,2026-09-22
C202601813907,depot_comptes,dpc,0,909170441,2NCD INVEST,,34127,Lansargues,34130,3233,43.6314,4.0789,Greffe du Tribunal de Commerce de montpellier,,,Z,Secteur non renseigne,,,,https://www.bodacc.fr/pages/annonces-commerciales-detail/?q.id=id:C202601813907,2026-09-22
C202601813908,depot_comptes,dpc,0,910036797,R'INVEST,,34154,Mauguio,34130,16522,43.5915,4.0128,Greffe du Tribunal de Commerce de montpellier,,,Z,Secteur non renseigne,,,,https://www.bodacc.fr/pages/annonces-commerciales-detail/?q.id=id:C202601813908,2026-09-22
C202601813909,depot_comptes,dpc,0,910115716,PROPNET 34,,34095,Fabrègues,34690,7447,43.5312,3.7737,Greffe du Tribunal de Commerce de montpellier,,,Z,Secteur non renseigne,,,,https://www.bodacc.fr/pages/annonces-commerciales-detail/?q.id=id:C202601813909,2026-09-22
C202601813910,depot_comptes,dpc,0,910523794,HERR'EDI,,34301,Sète,34200,45337,43.3844,3.6441,Greffe du Tribunal de Commerce de montpellier,,,Z,Secteur non renseigne,,,,https://www.bodacc.fr/pages/annonces-commerciales-detail/?q.id=id:C202601813910,2026-09-22
C202601813911,depot_comptes,dpc,0,912858339,TOURCANB,,34172,Montpellier,34000,310240,43.61,3.8742,Greffe du Tribunal de Commerce de montpellier,,,Z,Secteur non renseigne,,,,https://www.bodacc.fr/pages/annonces-commerciales-detail/?q.id=id:C202601813911,2026-09-22
C202601813912,depot_comptes,dpc,0,914357694,SELARL DU DR MARION PIERREJEAN,,34270,Saint-Jean-de-Védas,34430,13328,43.5732,3.8329,Greffe du Tribunal de Commerce de montpellier,,,Z,Secteur non renseigne,,,,https://www.bodacc.fr/pages/annonces-commerciales-detail/?q.id=id:C202601813912,2026-09-22
C202601813913,depot_comptes,dpc,0,914382429,LES AMANDIERS,,34057,Castelnau-le-Lez,34170,26058,43.6372,3.9113,Greffe du Tribunal de Commerce de montpellier,,,Z,Secteur non renseigne,,,,https://www.bodacc.fr/pages/annonces-commerciales-detail/?q.id=id:C202601813913,2026-09-22
C202601813914,depot_comptes,dpc,0,914845474,JEANNE,,34172,Montpellier,34000,310240,43.61,3.8742,Greffe du Tribunal de Commerce de montpellier,,,Z,Secteur non renseigne,,,,https://www.bodacc.fr/pages/annonces-commerciales-detail/?q.id=id:C202601813914,2026-09-22
C202601813915,depot_comptes,dpc,0,917851891,TREMPLIN'CO,,34301,Sète,34200,45337,43.3844,3.6441,Greffe du Tribunal de Commerce de montpellier,,,Z,Secteur non renseigne,,,,https://www.bodacc.fr/pages/annonces-commerciales-detail/?q.id=id:C202601813915,2026-09-22
C202601813916,depot_comptes,dpc,0,918084740,haussmannconciergerie,,34172,Montpellier,34000,310240,43.61,3.8742,Greffe du Tribunal de Commerce de montpellier,,,Z,Secteur non renseigne,,,,https://www.bodacc.fr/pages/annonces-commerciales-detail/?q.id=id:C202601813916,2026-09-22
C202601813917,depot_comptes,dpc,0,919002121,La boîte à clefs,,34301,Sète,34200,45337,43.3844,3.6441,Greffe du Tribunal de Commerce de montpellier,,,Z,Secteur non renseigne,,,,https://www.bodacc.fr/pages/annonces-commerciales-detail/?q.id=id:C202601813917,2026-09-22
C202601813918,depot_comptes,dpc,0,919571661,CADRIANT,,34120,Jacou,34830,6924,43.6648,3.9138,Greffe du Tribunal de Commerce de montpellier,,,Z,Secteur non renseigne,,,,https://www.bodacc.fr/pages/annonces-commerciales-detail/?q.id=id:C202601813918,2026-09-22
C202601813919,depot_comptes,dpc,0,920339124,INDIAN STREET,,34172,Montpellier,34000,310240,43.61,3.8742,Greffe du Tribunal de Commerce de montpellier,,,Z,Secteur non renseigne,,,,https://www.bodacc.fr/pages/annonces-commerciales-detail/?q.id=id:C202601813919,2026-09-22
C202601813920,depot_comptes,dpc,0,922991807,COURCHEVEL PATRIMOINE,,34172,Montpellier,34070,310240,43.61,3.8742,Greffe du Tribunal de Commerce de montpellier,,,Z,Secteur non renseigne,,,,https://www.bodacc.fr/pages/annonces-commerciales-detail/?q.id=id:C202601813920,2026-09-22
C202601813921,depot_comptes,dpc,0,925303240,ETHIC ENERGIES,,34270,Saint-Jean-de-Védas,34430,13328,43.5732,3.8329,Greffe du Tribunal de Commerce de montpellier,,,Z,Secteur non renseigne,,,,https://www.bodacc.fr/pages/annonces-commerciales-detail/?q.id=id:C202601813921,2026-09-22
C202601813922,depot_comptes,dpc,0,928201037,L'EZIO BAR,,34172,Montpellier,34000,310240,43.61,3.8742,Greffe du Tribunal de Commerce de montpellier,,,Z,Secteur non renseigne,,,,https://www.bodacc.fr/pages/annonces-commerciales-detail/?q.id=id:C202601813922,2026-09-22
C202601813923,depot_comptes,dpc,0,928518729,LA GUITARE,,34157,Mèze,34140,12669,43.4323,3.5843,Greffe du Tribunal de Commerce de montpellier,,,Z,Secteur non renseigne,,,,https://www.bodacc.fr/pages/annonces-commerciales-detail/?q.id=id:C202601813923,2026-09-22
C202601813924,depot_comptes,dpc,0,930403175,AvenirFit,,34172,Montpellier,34000,310240,43.61,3.8742,Greffe du Tribunal de Commerce de montpellier,,,Z,Secteur non renseigne,,,,https://www.bodacc.fr/pages/annonces-commerciales-detail/?q.id=id:C202601813924,2026-09-22
C202601813925,depot_comptes,dpc,0,931757603,CAN,,34057,Castelnau-le-Lez,34170,26058,43.6372,3.9113,Greffe du Tribunal de Commerce de montpellier,,,Z,Secteur non renseigne,,,,https://www.bodacc.fr/pages/annonces-commerciales-detail/?q.id=id:C202601813925,2026-09-22
C202601813926,depot_comptes,dpc,0,933234163,CocoMango 7,,34301,Sète,34200,45337,43.3844,3.6441,Greffe du Tribunal de Commerce de montpellier,,,Z,Secteur non renseigne,,,,https://www.bodacc.fr/pages/annonces-commerciales-detail/?q.id=id:C202601813926,2026-09-22
C202601813927,depot_comptes,dpc,0,933428294,ALLEGRIA SOAVE,,34194,Paulhan,34230,4039,43.5378,3.4599,Greffe du Tribunal de Commerce de montpellier,,,Z,Secteur non renseigne,,,,https://www.bodacc.fr/pages/annonces-commerciales-detail/?q.id=id:C202601813927,2026-09-22
C202601813928,depot_comptes,dpc,0,933533077,Roooou-les Dés,,34108,Frontignan,34110,24136,43.4486,3.7493,Greffe du Tribunal de Commerce de montpellier,,,Z,Secteur non renseigne,,,,https://www.bodacc.fr/pages/annonces-commerciales-detail/?q.id=id:C202601813928,2026-09-22
C202601813929,depot_comptes,dpc,0,937611531,EUREKA 15,,34057,Castelnau-le-Lez,34170,26058,43.6372,3.9113,Greffe du Tribunal de Commerce de montpellier,,,Z,Secteur non renseigne,,,,https://www.bodacc.fr/pages/annonces-commerciales-detail/?q.id=id:C202601813929,2026-09-22
C202601813930,depot_comptes,dpc,0,939145835,Itermea Transports,,34301,Sète,34200,45337,43.3844,3.6441,Greffe du Tribunal de Commerce de montpellier,,,Z,Secteur non renseigne,,,,https://www.bodacc.fr/pages/annonces-commerciales-detail/?q.id=id:C202601813930,2026-09-22
C202601813931,depot_comptes,dpc,0,940847023,VENET CAPITAL,,34129,Lattes,34970,17351,43.567,3.899,Greffe du Tribunal de Commerce de montpellier,,,Z,Secteur non renseigne,,,,https://www.bodacc.fr/pages/annonces-commerciales-detail/?q.id=id:C202601813931,2026-09-22
C202601813932,depot_comptes,dpc,0,941097339,Culinaire&sens,,34179,Murviel-lès-Montpellier,34570,2075,43.6116,3.7405,Greffe du Tribunal de Commerce de montpellier,,,Z,Secteur non renseigne,,,,https://www.bodacc.fr/pages/annonces-commerciales-detail/?q.id=id:C202601813932,2026-09-22
C202601813933,depot_comptes,dpc,0,943234799,GLVF,,34108,Frontignan,34110,24136,43.4486,3.7493,Greffe du Tribunal de Commerce de montpellier,,,Z,Secteur non renseigne,,,,https://www.bodacc.fr/pages/annonces-commerciales-detail/?q.id=id:C202601813933,2026-09-22
C202601813934,depot_comptes,dpc,0,948138276,CAPITELO,,34057,Castelnau-le-Lez,34170,26058,43.6372,3.9113,Greffe du Tribunal de Commerce de montpellier,,,Z,Secteur non renseigne,,,,https://www.bodacc.fr/pages/annonces-commerciales-detail/?q.id=id:C202601813934,2026-09-22
C202601813935,depot_comptes,dpc,0,952091452,TEVILO,,34247,Saint-Clément-de-Rivière,34980,5218,43.6831,3.8447,Greffe du Tribunal de Commerce de montpellier,,,Z,Secteur non renseigne,,,,https://www.bodacc.fr/pages/annonces-commerciales-detail/?q.id=id:C202601813935,2026-09-22
C202601813936,depot_comptes,dpc,0,952153500,JUSTE UNE PROD,,34172,Montpellier,34070,310240,43.61,3.8742,Greffe du Tribunal de Commerce de montpellier,,,Z,Secteur non renseigne,,,,https://www.bodacc.fr/pages/annonces-commerciales-detail/?q.id=id:C202601813936,2026-09-22
C202601813937,depot_comptes,dpc,0,953607793,LMO,,34108,Frontignan,34110,24136,43.4486,3.7493,Greffe du Tribunal de Commerce de montpellier,,,Z,Secteur non renseigne,,,,https://www.bodacc.fr/pages/annonces-commerciales-detail/?q.id=id:C202601813937,2026-09-22
C202601813938,depot_comptes,dpc,0,977520675,BENOIT MASCLAU HOLDING,,34242,Saint-Bauzille-de-Montmel,34160,1246,43.7762,3.9434,Greffe du Tribunal de Commerce de montpellier,,,Z,Secteur non renseigne,,,,https://www.bodacc.fr/pages/annonces-commerciales-detail/?q.id=id:C202601813938,2026-09-22
C202601813939,depot_comptes,dpc,0,977584259,SCEEB Holding,,34057,Castelnau-le-Lez,34170,26058,43.6372,3.9113,Greffe du Tribunal de Commerce de montpellier,,,Z,Secteur non renseigne,,,,https://www.bodacc.fr/pages/annonces-commerciales-detail/?q.id=id:C202601813939,2026-09-22
C202601813940,depot_comptes,dpc,0,977985159,LAURENT CYRIL PLOMBERIE,,34267,Saint-Jean-de-Fos,34150,1745,43.6955,3.5463,Greffe du Tribunal de Commerce de montpellier,,,Z,Secteur non renseigne,,,,https://www.bodacc.fr/pages/annonces-commerciales-detail/?q.id=id:C202601813940,2026-09-22
C202601813941,depot_comptes,dpc,0,978019461,COLORAMA,,34309,Teyran,34820,4787,43.688,3.9258,Greffe du Tribunal de Commerce de montpellier,,,Z,Secteur non renseigne,,,,https://www.bodacc.fr/pages/annonces-commerciales-detail/?q.id=id:C202601813941,2026-09-22
C202601813942,depot_comptes,dpc,0,978137594,BMA CONSULTING,,34242,Saint-Bauzille-de-Montmel,34160,1246,43.7762,3.9434,Greffe du Tribunal de Commerce de montpellier,,,Z,Secteur non renseigne,,,,https://www.bodacc.fr/pages/annonces-commerciales-detail/?q.id=id:C202601813942,2026-09-22
C202601813943,depot_comptes,dpc,0,978146140,BE ELEGANT,,34154,Mauguio,34130,16522,43.5915,4.0128,Greffe du Tribunal de Commerce de montpellier,,,Z,Secteur non renseigne,,,,https://www.bodacc.fr/pages/annonces-commerciales-detail/?q.id=id:C202601813943,2026-09-22
C202601813944,depot_comptes,dpc,0,980308126,Conchyliculteurs de Méditerranée,,34157,Mèze,34140,12669,43.4323,3.5843,Greffe du Tribunal de Commerce de montpellier,,,Z,Secteur non renseigne,,,,https://www.bodacc.fr/pages/annonces-commerciales-detail/?q.id=id:C202601813944,2026-09-22
C202601813945,depot_comptes,dpc,0,980510887,AGENCE-C2LL,,34164,Montaud,34160,1014,43.7422,3.9502,Greffe du Tribunal de Commerce de montpellier,,,Z,Secteur non renseigne,,,,https://www.bodacc.fr/pages/annonces-commerciales-detail/?q.id=id:C202601813945,2026-09-22
C202601813946,depot_comptes,dpc,0,980758635,PIXELIZ IT,,34129,Lattes,34970,17351,43.567,3.899,Greffe du Tribunal de Commerce de montpellier,,,Z,Secteur non renseigne,,,,https://www.bodacc.fr/pages/annonces-commerciales-detail/?q.id=id:C202601813946,2026-09-22
C202601813947,depot_comptes,dpc,0,982366221,LA SEVILLANA DE INVERSIONES,,34320,Vailhauquès,34570,2722,43.6652,3.7304,Greffe du Tribunal de Commerce de montpellier,,,Z,Secteur non renseigne,,,,https://www.bodacc.fr/pages/annonces-commerciales-detail/?q.id=id:C202601813947,2026-09-22
C202601813948,depot_comptes,dpc,0,982824658,FLEMMING,,34057,Castelnau-le-Lez,34170,26058,43.6372,3.9113,Greffe du Tribunal de Commerce de montpellier,,,Z,Secteur non renseigne,,,,https://www.bodacc.fr/pages/annonces-commerciales-detail/?q.id=id:C202601813948,2026-09-22
C202601813949,depot_comptes,dpc,0,988341327,CLEOR FRANCE,,34259,Saint-Georges-d'Orques,34680,5676,43.6167,3.775,Greffe du Tribunal de Commerce de montpellier,,,Z,Secteur non renseigne,,,,https://www.bodacc.fr/pages/annonces-commerciales-detail/?q.id=id:C202601813949,2026-09-22
C202601813950,depot_comptes,dpc,0,988600227,JUTEBAN,,34263,Saint-Hilaire-de-Beauvoir,34160,461,43.752,4.0175,Greffe du Tribunal de Commerce de montpellier,,,Z,Secteur non renseigne,,,,https://www.bodacc.fr/pages/annonces-commerciales-detail/?q.id=id:C202601813950,2026-09-22
